source,case_id,selection,B,D,E,F,H,I,K,L,M,N,O,P,Q,T,U,X,Y,AA,AB,AC,AD,AE,AF
fixture,baseline,1X,0.9299999999999999,0.07,0.01,0.9199999999999999,0.9199999999999999,0.0,PASS,16.0,1.0,DEFENSIV,PASS,PASS,N/A,0,PASS,0.08,0.08,YES,N/A,0.0,READY,YES,FĂRĂ ISTORIC
fixture,baseline,X2,0.17500000000000002,0.825,0.01,0.165,0.18,-0.014999999999999986,FAIL,100,5.0,NO BET,FAIL,FAIL,N/A,0.0,FAIL,0.82,0.825,NO,N/A,0,READY,NO,FĂRĂ ISTORIC
fixture,baseline,12,0.895,0.10500000000000001,0.01,0.885,0.8999999999999999,-0.014999999999999902,PASS,22.0,2.0,PRUDENT,N/A,N/A,PASS,0,PASS,0.1,0.10500000000000001,YES,N/A,0,READY,NO,FĂRĂ ISTORIC
fixture,price_invariance,1X,0.9299999999999999,0.07,0.01,0.9199999999999999,0.9199999999999999,0.0,PASS,16.0,1.0,DEFENSIV,PASS,PASS,N/A,0,PASS,0.08,0.08,YES,N/A,0.0,READY,YES,FĂRĂ ISTORIC
fixture,price_invariance,X2,0.17500000000000002,0.825,0.01,0.165,0.18,-0.014999999999999986,FAIL,100,5.0,NO BET,FAIL,FAIL,N/A,0.0,FAIL,0.82,0.825,NO,N/A,0,READY,NO,FĂRĂ ISTORIC
fixture,price_invariance,12,0.895,0.10500000000000001,0.01,0.885,0.8999999999999999,-0.014999999999999902,PASS,22.0,2.0,PRUDENT,N/A,N/A,PASS,0,PASS,0.1,0.10500000000000001,YES,N/A,0,READY,NO,FĂRĂ ISTORIC
fixture,early_season_A,1X,0.9299999999999999,0.07,0.045,0.8849999999999999,0.9199999999999999,-0.03500000000000003,PASS,23.0,2.0,PRUDENT,PASS,PASS,N/A,0,PASS,0.08,0.08,YES,N/A,0.0,READY,NO,FĂRĂ ISTORIC
fixture,early_season_A,X2,0.17500000000000002,0.825,0.045,0.13,0.18,-0.04999999999999999,FAIL,100,5.0,NO BET,FAIL,FAIL,N/A,0.0,FAIL,0.82,0.825,NO,N/A,0,READY,NO,FĂRĂ ISTORIC
fixture,early_season_A,12,0.895,0.10500000000000001,0.045,0.85,0.8999999999999999,-0.04999999999999993,PASS,26.0,2.0,PRUDENT,N/A,N/A,PASS,0,PASS,0.1,0.10500000000000001,YES,N/A,0,READY,NO,FĂRĂ ISTORIC
fixture,early_season_C,1X,0.9299999999999999,0.07,0.07,0.8599999999999999,0.9199999999999999,-0.06000000000000005,PASS,28.0,2.0,PRUDENT,PASS,PASS,N/A,0,PASS,0.08,0.08,YES,N/A,0.0,READY,NO,FĂRĂ ISTORIC
fixture,early_season_C,X2,0.17500000000000002,0.825,0.07,0.10500000000000001,0.18,-0.07499999999999998,FAIL,100,5.0,NO BET,FAIL,FAIL,N/A,0.0,FAIL,0.82,0.825,NO,N/A,0,READY,NO,FĂRĂ ISTORIC
fixture,early_season_C,12,0.895,0.10500000000000001,0.07,0.825,0.8999999999999999,-0.07499999999999996,PASS,29.0,2.0,PRUDENT,N/A,N/A,PASS,0,PASS,0.1,0.10500000000000001,YES,N/A,0,READY,NO,FĂRĂ ISTORIC
fixture,sample_boundary_8,1X,0.9299999999999999,0.07,0.01,0.9199999999999999,0.9199999999999999,0.0,PASS,16.0,1.0,DEFENSIV,PASS,PASS,N/A,0,PASS,0.08,0.08,YES,N/A,0.0,READY,YES,FĂRĂ ISTORIC
fixture,sample_boundary_8,X2,0.17500000000000002,0.825,0.01,0.165,0.18,-0.014999999999999986,FAIL,100,5.0,NO BET,FAIL,FAIL,N/A,0.0,FAIL,0.82,0.825,NO,N/A,0,READY,NO,FĂRĂ ISTORIC
fixture,sample_boundary_8,12,0.895,0.10500000000000001,0.01,0.885,0.8999999999999999,-0.014999999999999902,PASS,22.0,2.0,PRUDENT,N/A,N/A,PASS,0,PASS,0.1,0.10500000000000001,YES,N/A,0,READY,NO,FĂRĂ ISTORIC
fixture,prior_pending,1X,,,0.045,,0.9199999999999999,,INPUT,,,VERIFICARE NECESARĂ – NO RANK,PASS,INPUT,N/A,0,INPUT,0.08,,NO,N/A,0.0,PENDING,NO,FĂRĂ ISTORIC
fixture,prior_pending,X2,,,0.045,,0.18,,INPUT,,,VERIFICARE NECESARĂ – NO RANK,FAIL,INPUT,N/A,0.0,INPUT,0.82,,NO,N/A,0,PENDING,NO,FĂRĂ ISTORIC
fixture,prior_pending,12,,,0.045,,0.8999999999999999,,INPUT,,,VERIFICARE NECESARĂ – NO RANK,N/A,N/A,INPUT,0,INPUT,0.1,,NO,N/A,0,PENDING,NO,FĂRĂ ISTORIC
fixture,prior_missing,1X,,,0.045,,0.9199999999999999,,FAIL,,5.0,NO BET,PASS,INPUT,N/A,0,INPUT,0.08,,NO,N/A,0.0,CRITICAL MISSING,NO,FĂRĂ ISTORIC
fixture,prior_missing,X2,,,0.045,,0.18,,FAIL,,5.0,NO BET,FAIL,INPUT,N/A,0.0,INPUT,0.82,,NO,N/A,0,CRITICAL MISSING,NO,FĂRĂ ISTORIC
fixture,prior_missing,12,,,0.045,,0.8999999999999999,,FAIL,,5.0,NO BET,N/A,N/A,INPUT,0,INPUT,0.1,,NO,N/A,0,CRITICAL MISSING,NO,FĂRĂ ISTORIC
fixture,global_pending,1X,,,0.01,,0.9199999999999999,,INPUT,,,VERIFICARE NECESARĂ – NO RANK,PASS,INPUT,N/A,0,INPUT,0.08,,NO,N/A,0.0,PENDING,NO,FĂRĂ ISTORIC
fixture,global_pending,X2,,,0.01,,0.18,,INPUT,,,VERIFICARE NECESARĂ – NO RANK,FAIL,INPUT,N/A,0.0,INPUT,0.82,,NO,N/A,0,PENDING,NO,FĂRĂ ISTORIC
fixture,global_pending,12,,,0.01,,0.8999999999999999,,INPUT,,,VERIFICARE NECESARĂ – NO RANK,N/A,N/A,INPUT,0,INPUT,0.1,,NO,N/A,0,PENDING,NO,FĂRĂ ISTORIC
fixture,critical_missing,1X,,,0.01,,0.9199999999999999,,FAIL,,5.0,NO BET,INPUT,INPUT,N/A,0,INPUT,0.08,,NO,N/A,0.0,CRITICAL MISSING,NO,FĂRĂ ISTORIC
fixture,critical_missing,X2,,,0.01,,0.18,,FAIL,,5.0,NO BET,INPUT,INPUT,N/A,0.0,INPUT,0.82,,NO,N/A,0,CRITICAL MISSING,NO,FĂRĂ ISTORIC
fixture,critical_missing,12,,,0.01,,0.8999999999999999,,FAIL,,5.0,NO BET,N/A,N/A,INPUT,0,INPUT,0.1,,NO,N/A,0,CRITICAL MISSING,NO,FĂRĂ ISTORIC
fixture,invalid_distribution,1X,,,0.01,,0.9199999999999999,,INPUT,,,INPUT INVALID – NO RANK,PASS,INPUT,N/A,0,INPUT,0.08,,NO,N/A,0.0,INVALID,NO,FĂRĂ ISTORIC
fixture,invalid_distribution,X2,,,0.01,,0.18,,INPUT,,,INPUT INVALID – NO RANK,FAIL,INPUT,N/A,0.0,INPUT,0.82,,NO,N/A,0,INVALID,NO,FĂRĂ ISTORIC
fixture,invalid_distribution,12,,,0.01,,0.8999999999999999,,INPUT,,,INPUT INVALID – NO RANK,N/A,N/A,INPUT,0,INPUT,0.1,,NO,N/A,0,INVALID,NO,FĂRĂ ISTORIC
fixture,normalize_sum_102,1X,0.9207843137254902,0.07921568627450981,0.01,0.9107843137254902,0.9199999999999999,-0.009215686274509749,PASS,16.0,1.0,DEFENSIV,PASS,PASS,N/A,0,PASS,0.08,0.08,YES,N/A,0.0,READY,YES,FĂRĂ ISTORIC
fixture,normalize_sum_102,X2,0.18323529411764705,0.816764705882353,0.01,0.17323529411764704,0.18,-0.0067647058823529505,FAIL,100,5.0,NO BET,FAIL,FAIL,N/A,0.0,FAIL,0.82,0.82,NO,N/A,0,READY,NO,FĂRĂ ISTORIC
fixture,normalize_sum_102,12,0.8959803921568628,0.10401960784313724,0.01,0.8859803921568628,0.8999999999999999,-0.01401960784313716,PASS,22.0,2.0,PRUDENT,N/A,N/A,PASS,0,PASS,0.1,0.10401960784313724,YES,N/A,0,READY,NO,FĂRĂ ISTORIC
fixture,invalid_sum,1X,,,0.01,,0.9199999999999999,,INPUT,,,INPUT INVALID – NO RANK,PASS,INPUT,N/A,0,INPUT,0.08,,NO,N/A,0.0,INVALID,NO,FĂRĂ ISTORIC
fixture,invalid_sum,X2,,,0.01,,0.18,,INPUT,,,INPUT INVALID – NO RANK,FAIL,INPUT,N/A,0.0,INPUT,0.82,,NO,N/A,0,INVALID,NO,FĂRĂ ISTORIC
fixture,invalid_sum,12,,,0.01,,0.8999999999999999,,INPUT,,,INPUT INVALID – NO RANK,N/A,N/A,INPUT,0,INPUT,0.1,,NO,N/A,0,INVALID,NO,FĂRĂ ISTORIC
fixture,official_pending_allowed,1X,0.9299999999999999,0.07,0.01,0.9199999999999999,0.9199999999999999,0.0,PASS,16.0,1.0,DEFENSIV,PASS,PASS,N/A,0,PASS,0.08,0.08,YES,N/A,0.0,READY,YES,FĂRĂ ISTORIC
fixture,official_pending_allowed,X2,0.17500000000000002,0.825,0.01,0.165,0.18,-0.014999999999999986,FAIL,100,5.0,NO BET,FAIL,FAIL,N/A,0.0,FAIL,0.82,0.825,NO,N/A,0,READY,NO,FĂRĂ ISTORIC
fixture,official_pending_allowed,12,0.895,0.10500000000000001,0.01,0.885,0.8999999999999999,-0.014999999999999902,PASS,22.0,2.0,PRUDENT,N/A,N/A,PASS,0,PASS,0.1,0.10500000000000001,YES,N/A,0,READY,NO,FĂRĂ ISTORIC
fixture,context_unresolved,1X,,,0.01,,0.9199999999999999,,INPUT,,,VERIFICARE NECESARĂ – NO RANK,PASS,INPUT,N/A,0,INPUT,0.08,,NO,N/A,0.0,PENDING,NO,FĂRĂ ISTORIC
fixture,context_unresolved,X2,,,0.01,,0.18,,INPUT,,,VERIFICARE NECESARĂ – NO RANK,FAIL,INPUT,N/A,0.0,INPUT,0.82,,NO,N/A,0,PENDING,NO,FĂRĂ ISTORIC
fixture,context_unresolved,12,,,0.01,,0.8999999999999999,,INPUT,,,VERIFICARE NECESARĂ – NO RANK,N/A,N/A,INPUT,0,INPUT,0.1,,NO,N/A,0,PENDING,NO,FĂRĂ ISTORIC
fixture,fragility_open,1X,0.9299999999999999,0.07,0.01,0.9199999999999999,0.9199999999999999,0.0,INPUT,,,VERIFICARE NECESARĂ – NO RANK,PASS,PASS,N/A,0,PASS,0.08,0.08,NO,PENDING,0.0,PENDING,NO,FĂRĂ ISTORIC
fixture,fragility_open,X2,0.17500000000000002,0.825,0.01,0.165,0.18,-0.014999999999999986,FAIL,100,5.0,NO BET,FAIL,FAIL,N/A,0.0,FAIL,0.82,0.825,NO,N/A,0,READY,NO,FĂRĂ ISTORIC
fixture,fragility_open,12,0.895,0.10500000000000001,0.01,0.885,0.8999999999999999,-0.014999999999999902,PASS,22.0,2.0,PRUDENT,N/A,N/A,PASS,0,PASS,0.1,0.10500000000000001,YES,N/A,0,READY,NO,FĂRĂ ISTORIC
fixture,fragility_material,1X,0.9299999999999999,0.07,0.01,0.9199999999999999,0.9199999999999999,0.0,PASS,16.0,2.0,PRUDENT,PASS,PASS,N/A,0,PASS,0.08,0.08,YES,MATERIAL,1,READY,NO,FĂRĂ ISTORIC
fixture,fragility_material,X2,0.17500000000000002,0.825,0.01,0.165,0.18,-0.014999999999999986,FAIL,100,5.0,NO BET,FAIL,FAIL,N/A,0.0,FAIL,0.82,0.825,NO,N/A,0,READY,NO,FĂRĂ ISTORIC
fixture,fragility_material,12,0.895,0.10500000000000001,0.01,0.885,0.8999999999999999,-0.014999999999999902,PASS,22.0,2.0,PRUDENT,N/A,N/A,PASS,0,PASS,0.1,0.10500000000000001,YES,N/A,0,READY,NO,FĂRĂ ISTORIC
fixture,fragility_review,1X,0.9299999999999999,0.07,0.01,0.9199999999999999,0.9199999999999999,0.0,PASS,16.0,1.0,DEFENSIV,PASS,PASS,N/A,0,PASS,0.08,0.08,YES,REVIEW,0.0,READY,YES,FĂRĂ ISTORIC
fixture,fragility_review,X2,0.17500000000000002,0.825,0.01,0.165,0.18,-0.014999999999999986,FAIL,100,5.0,NO BET,FAIL,FAIL,N/A,0.0,FAIL,0.82,0.825,NO,N/A,0,READY,NO,FĂRĂ ISTORIC
fixture,fragility_review,12,0.895,0.10500000000000001,0.01,0.885,0.8999999999999999,-0.014999999999999902,PASS,22.0,2.0,PRUDENT,N/A,N/A,PASS,0,PASS,0.1,0.10500000000000001,YES,N/A,0,READY,NO,FĂRĂ ISTORIC
fixture,fragility_source_invalid,1X,0.9299999999999999,0.07,0.01,0.9199999999999999,0.9199999999999999,0.0,INPUT,,,VERIFICARE NECESARĂ – NO RANK,PASS,PASS,N/A,0,PASS,0.08,0.08,NO,PASS,0.0,PENDING,NO,FĂRĂ ISTORIC
fixture,fragility_source_invalid,X2,0.17500000000000002,0.825,0.01,0.165,0.18,-0.014999999999999986,FAIL,100,5.0,NO BET,FAIL,FAIL,N/A,0.0,FAIL,0.82,0.825,NO,N/A,0,READY,NO,FĂRĂ ISTORIC
fixture,fragility_source_invalid,12,0.895,0.10500000000000001,0.01,0.885,0.8999999999999999,-0.014999999999999902,PASS,22.0,2.0,PRUDENT,N/A,N/A,PASS,0,PASS,0.1,0.10500000000000001,YES,N/A,0,READY,NO,FĂRĂ ISTORIC
fixture,away_context_pending,1X,0.9299999999999999,0.07,0.01,0.9199999999999999,0.9199999999999999,0.0,PASS,16.0,1.0,DEFENSIV,PASS,PASS,N/A,0,PASS,0.08,0.08,YES,N/A,0.0,READY,YES,FĂRĂ ISTORIC
fixture,away_context_pending,X2,0.17500000000000002,0.825,0.01,0.165,0.18,-0.014999999999999986,INPUT,,,VERIFICARE NECESARĂ – NO RANK,FAIL,FAIL,N/A,,FAIL,0.82,0.825,NO,N/A,0,PENDING,NO,FĂRĂ ISTORIC
fixture,away_context_pending,12,0.895,0.10500000000000001,0.01,0.885,0.8999999999999999,-0.014999999999999902,PASS,22.0,2.0,PRUDENT,N/A,N/A,PASS,0,PASS,0.1,0.10500000000000001,YES,N/A,0,READY,NO,FĂRĂ ISTORIC
fixture,away_favorite_surcharge_1,1X,0.17500000000000002,0.825,0.01,0.165,0.18,-0.014999999999999986,FAIL,100,5.0,NO BET,FAIL,FAIL,N/A,0,FAIL,0.82,0.825,NO,N/A,0.0,READY,NO,FĂRĂ ISTORIC
fixture,away_favorite_surcharge_1,X2,0.9299999999999999,0.07,0.01,0.9199999999999999,0.9199999999999999,0.0,PASS,21.0,2.0,PRUDENT,PASS,PASS,N/A,5,PASS,0.08,0.08,YES,N/A,0,READY,NO,FĂRĂ ISTORIC
fixture,away_favorite_surcharge_1,12,0.895,0.10500000000000001,0.01,0.885,0.8999999999999999,-0.014999999999999902,PASS,22.0,2.0,PRUDENT,N/A,N/A,PASS,0,PASS,0.1,0.10500000000000001,YES,N/A,0,READY,NO,FĂRĂ ISTORIC
fixture,away_favorite_surcharge_2,1X,0.17500000000000002,0.825,0.01,0.165,0.18,-0.014999999999999986,FAIL,100,5.0,NO BET,FAIL,FAIL,N/A,0,FAIL,0.82,0.825,NO,N/A,0.0,READY,NO,FĂRĂ ISTORIC
fixture,away_favorite_surcharge_2,X2,0.9299999999999999,0.07,0.01,0.9199999999999999,0.9199999999999999,0.0,PASS,26.0,2.0,PRUDENT,PASS,PASS,N/A,10,PASS,0.08,0.08,YES,N/A,0,READY,NO,FĂRĂ ISTORIC
fixture,away_favorite_surcharge_2,12,0.895,0.10500000000000001,0.01,0.885,0.8999999999999999,-0.014999999999999902,PASS,22.0,2.0,PRUDENT,N/A,N/A,PASS,0,PASS,0.1,0.10500000000000001,YES,N/A,0,READY,NO,FĂRĂ ISTORIC
fixture,draw_pass_20,1X,0.8899999999999999,0.10999999999999999,0.01,0.8799999999999999,0.8899999999999999,-0.010000000000000009,PASS,22.0,2.0,PRUDENT,PASS,PASS,N/A,0,PASS,0.10999999999999999,0.10999999999999999,YES,N/A,0.0,READY,NO,FĂRĂ ISTORIC
fixture,draw_pass_20,X2,0.3,0.7,0.01,0.29,0.3,-0.010000000000000009,FAIL,100,5.0,NO BET,FAIL,FAIL,N/A,0.0,FAIL,0.7,0.7,NO,N/A,0,READY,NO,FĂRĂ ISTORIC
fixture,draw_pass_20,12,0.8099999999999999,0.19,0.01,0.7999999999999999,0.8099999999999999,-0.010000000000000009,PASS,39.0,2.0,PRUDENT,N/A,N/A,PASS,0,PASS,0.19,0.19,YES,N/A,0,READY,NO,FĂRĂ ISTORIC
fixture,draw_prudent_23,1X,0.9199999999999999,0.07999999999999999,0.01,0.9099999999999999,0.9199999999999999,-0.010000000000000009,PASS,16.0,1.0,DEFENSIV,PASS,PASS,N/A,0,PASS,0.07999999999999999,0.07999999999999999,YES,N/A,0.0,READY,YES,FĂRĂ ISTORIC
fixture,draw_prudent_23,X2,0.3,0.7,0.01,0.29,0.3,-0.010000000000000009,FAIL,100,5.0,NO BET,FAIL,FAIL,N/A,0.0,FAIL,0.7,0.7,NO,N/A,0,READY,NO,FĂRĂ ISTORIC
fixture,draw_prudent_23,12,0.7799999999999999,0.22,0.01,0.7699999999999999,0.7799999999999999,-0.010000000000000009,PRUDENT,55.0,3.0,MODERAT,N/A,N/A,PRUDENT,0,PRUDENT,0.22,0.22,YES,N/A,0,READY,NO,FĂRĂ ISTORIC
fixture,draw_watch_26,1X,0.95,0.04999999999999999,0.01,0.94,0.95,-0.010000000000000009,PASS,11.0,1.0,DEFENSIV,PASS,PASS,N/A,0,PASS,0.04999999999999999,0.04999999999999999,YES,N/A,0.0,READY,YES,FĂRĂ ISTORIC
fixture,draw_watch_26,X2,0.3,0.7,0.01,0.29,0.3,-0.010000000000000009,FAIL,100,5.0,NO BET,FAIL,FAIL,N/A,0.0,FAIL,0.7,0.7,NO,N/A,0,READY,NO,FĂRĂ ISTORIC
fixture,draw_watch_26,12,0.75,0.25,0.01,0.74,0.75,-0.010000000000000009,WATCH,86.0,5.0,WATCH,N/A,N/A,WATCH,0,WATCH,0.25,0.25,NO,N/A,0,READY,NO,FĂRĂ ISTORIC
fixture,draw_fail_above26,1X,0.9501,0.0499,0.01,0.9400999999999999,0.9501,-0.010000000000000009,PASS,11.0,1.0,DEFENSIV,PASS,PASS,N/A,0,PASS,0.0499,0.0499,YES,N/A,0.0,READY,YES,FĂRĂ ISTORIC
fixture,draw_fail_above26,X2,0.3,0.7,0.01,0.29,0.3,-0.010000000000000009,FAIL,100,5.0,NO BET,FAIL,FAIL,N/A,0.0,FAIL,0.7,0.7,NO,N/A,0,READY,NO,FĂRĂ ISTORIC
fixture,draw_fail_above26,12,0.7499,0.2501,0.01,0.7399,0.7499,-0.010000000000000009,FAIL,100,5.0,NO BET,N/A,N/A,FAIL,0,FAIL,0.2501,0.2501,NO,N/A,0,READY,NO,FĂRĂ ISTORIC
fixture,market_pass30,1X,0.7,0.3,0.01,0.69,0.7,-0.010000000000000009,PASS,56.0,3.0,MODERAT,PASS,PASS,N/A,0,PASS,0.3,0.3,YES,N/A,0.0,READY,NO,FĂRĂ ISTORIC
fixture,market_pass30,X2,0.5,0.5,0.01,0.49,0.5,-0.010000000000000009,FAIL,100,5.0,NO BET,FAIL,FAIL,N/A,0.0,FAIL,0.5,0.5,NO,N/A,0,READY,NO,FĂRĂ ISTORIC
fixture,market_pass30,12,0.8,0.2,0.01,0.79,0.8,-0.010000000000000009,PRUDENT,51.0,3.0,MODERAT,N/A,N/A,PRUDENT,0,PRUDENT,0.2,0.2,YES,N/A,0,READY,NO,FĂRĂ ISTORIC
fixture,market_prudent35,1X,0.65,0.35,0.01,0.64,0.65,-0.010000000000000009,PRUDENT,75.0,4.0,RIDICAT,PRUDENT,PASS,N/A,0,PRUDENT,0.35,0.35,YES,N/A,0.0,READY,NO,FĂRĂ ISTORIC
fixture,market_prudent35,X2,0.5,0.5,0.01,0.49,0.5,-0.010000000000000009,FAIL,100,5.0,NO BET,FAIL,FAIL,N/A,0.0,FAIL,0.5,0.5,NO,N/A,0,READY,NO,FĂRĂ ISTORIC
fixture,market_prudent35,12,0.85,0.15000000000000002,0.01,0.84,0.85,-0.010000000000000009,PASS,31.0,2.0,PRUDENT,N/A,N/A,PASS,0,PASS,0.15000000000000002,0.15000000000000002,YES,N/A,0,READY,NO,FĂRĂ ISTORIC
fixture,market_fail_above35,1X,0.6498999999999999,0.3501,0.01,0.6398999999999999,0.6498999999999999,-0.010000000000000009,FAIL,100,5.0,NO BET,FAIL,PASS,N/A,0,FAIL,0.3501,0.3501,NO,N/A,0.0,READY,NO,FĂRĂ ISTORIC
fixture,market_fail_above35,X2,0.5,0.5,0.01,0.49,0.5,-0.010000000000000009,FAIL,100,5.0,NO BET,FAIL,FAIL,N/A,0.0,FAIL,0.5,0.5,NO,N/A,0,READY,NO,FĂRĂ ISTORIC
fixture,market_fail_above35,12,0.8501000000000001,0.14989999999999998,0.01,0.8401000000000001,0.8501000000000001,-0.010000000000000009,PASS,31.0,2.0,PRUDENT,N/A,N/A,PASS,0,PASS,0.14989999999999998,0.14989999999999998,YES,N/A,0,READY,NO,FĂRĂ ISTORIC
fixture,strength_minus5,1X,0.6499999999999999,0.35,0.01,0.6399999999999999,0.6499999999999999,-0.010000000000000009,PRUDENT,85.0,5.0,WATCH,PRUDENT,PRUDENT,N/A,0,PRUDENT,0.35,0.35,NO,N/A,0.0,READY,NO,FĂRĂ ISTORIC
fixture,strength_minus5,X2,0.7,0.3,0.01,0.69,0.7,-0.010000000000000009,PASS,56.0,3.0,MODERAT,PASS,PASS,N/A,0.0,PASS,0.3,0.3,YES,N/A,0,READY,NO,FĂRĂ ISTORIC
fixture,strength_minus5,12,0.6499999999999999,0.35,0.01,0.6399999999999999,0.6499999999999999,-0.010000000000000009,FAIL,100,5.0,NO BET,N/A,N/A,FAIL,0,FAIL,0.35,0.35,NO,N/A,0,READY,NO,FĂRĂ ISTORIC
fixture,strength_below_minus5,1X,0.6499999999999999,0.35,0.01,0.6399999999999999,0.6499999999999999,-0.010000000000000009,FAIL,100,5.0,NO BET,PRUDENT,FAIL,N/A,0,FAIL,0.35,0.35,NO,N/A,0.0,READY,NO,FĂRĂ ISTORIC
fixture,strength_below_minus5,X2,0.71,0.29,0.01,0.7,0.71,-0.010000000000000009,PASS,54.0,3.0,MODERAT,PASS,PASS,N/A,0.0,PASS,0.29,0.29,YES,N/A,0,READY,NO,FĂRĂ ISTORIC
fixture,strength_below_minus5,12,0.6399999999999999,0.36,0.01,0.6299999999999999,0.6399999999999999,-0.010000000000000009,FAIL,100,5.0,NO BET,N/A,N/A,FAIL,0,FAIL,0.36,0.36,NO,N/A,0,READY,NO,FĂRĂ ISTORIC
fixture,override_valid,1X,0.7625,0.23750000000000002,0.01,0.7525,0.65,0.10249999999999992,PRUDENT,85.0,5.0,WATCH,PRUDENT,PRUDENT,N/A,0,PRUDENT,0.35,0.35,NO,N/A,0.0,READY,NO,FĂRĂ ISTORIC
fixture,override_valid,X2,0.5625,0.4375,0.01,0.5525,0.75,-0.1975,PASS,81.0,5.0,WATCH,PASS,PASS,N/A,0.0,PASS,0.25,0.4375,NO,N/A,0,READY,NO,FĂRĂ ISTORIC
fixture,override_valid,12,0.675,0.32499999999999996,0.01,0.665,0.6,0.06500000000000006,FAIL,100,5.0,NO BET,N/A,N/A,FAIL,0,FAIL,0.4,0.4,NO,N/A,0,READY,NO,FĂRĂ ISTORIC
fixture,override_no_reason,1X,0.7625,0.23750000000000002,0.01,0.7525,0.65,0.10249999999999992,FAIL,100,5.0,NO BET,PRUDENT,FAIL,N/A,0,FAIL,0.35,0.35,NO,N/A,0.0,READY,NO,FĂRĂ ISTORIC
fixture,override_no_reason,X2,0.5625,0.4375,0.01,0.5525,0.75,-0.1975,PASS,81.0,5.0,WATCH,PASS,PASS,N/A,0.0,PASS,0.25,0.4375,NO,N/A,0,READY,NO,FĂRĂ ISTORIC
fixture,override_no_reason,12,0.675,0.32499999999999996,0.01,0.665,0.6,0.06500000000000006,FAIL,100,5.0,NO BET,N/A,N/A,FAIL,0,FAIL,0.4,0.4,NO,N/A,0,READY,NO,FĂRĂ ISTORIC
fixture,override_cannot_bypass_market,1X,0.75,0.25,0.01,0.74,0.6000000000000001,0.1399999999999999,FAIL,100,5.0,NO BET,FAIL,PRUDENT,N/A,0,FAIL,0.4,0.4,NO,N/A,0.0,READY,NO,FĂRĂ ISTORIC
fixture,override_cannot_bypass_market,X2,0.575,0.425,0.01,0.565,0.8,-0.2350000000000001,PASS,79.0,4.0,RIDICAT,PASS,PASS,N/A,0.0,PASS,0.2,0.425,YES,N/A,0,READY,NO,FĂRĂ ISTORIC
fixture,override_cannot_bypass_market,12,0.675,0.32499999999999996,0.01,0.665,0.6000000000000001,0.06499999999999995,FAIL,100,5.0,NO BET,N/A,N/A,FAIL,0,FAIL,0.4,0.4,NO,N/A,0,READY,NO,FĂRĂ ISTORIC
fixture,draw_defensive,1X,0.96,0.04,0.01,0.95,0.96,-0.010000000000000009,PASS,9.0,1.0,DEFENSIV,PASS,PASS,N/A,0,PASS,0.04,0.04,YES,N/A,0.0,READY,YES,FĂRĂ ISTORIC
fixture,draw_defensive,X2,0.1,0.9,0.01,0.09000000000000001,0.1,-0.009999999999999995,FAIL,100,5.0,NO BET,FAIL,FAIL,N/A,0.0,FAIL,0.9,0.9,NO,N/A,0,READY,NO,FĂRĂ ISTORIC
fixture,draw_defensive,12,0.9400000000000001,0.06,0.01,0.93,0.9400000000000001,-0.010000000000000009,PASS,13.0,1.0,DEFENSIV,N/A,N/A,PASS,0,PASS,0.06,0.06,YES,N/A,0,READY,YES,FĂRĂ ISTORIC
fixture,chronology_invalid,1X,,,0.01,,0.9199999999999999,,INPUT,,,INPUT INVALID – NO RANK,PASS,INPUT,N/A,0,INPUT,0.08,,NO,N/A,0.0,INVALID,NO,FĂRĂ ISTORIC
fixture,chronology_invalid,X2,,,0.01,,0.18,,INPUT,,,INPUT INVALID – NO RANK,FAIL,INPUT,N/A,0.0,INPUT,0.82,,NO,N/A,0,INVALID,NO,FĂRĂ ISTORIC
fixture,chronology_invalid,12,,,0.01,,0.8999999999999999,,INPUT,,,INPUT INVALID – NO RANK,N/A,N/A,INPUT,0,INPUT,0.1,,NO,N/A,0,INVALID,NO,FĂRĂ ISTORIC
fixture,sample_fraction_invalid,1X,,,0.045,,0.9199999999999999,,INPUT,,,INPUT INVALID – NO RANK,PASS,INPUT,N/A,0,INPUT,0.08,,NO,N/A,0.0,INVALID,NO,FĂRĂ ISTORIC
fixture,sample_fraction_invalid,X2,,,0.045,,0.18,,INPUT,,,INPUT INVALID – NO RANK,FAIL,INPUT,N/A,0.0,INPUT,0.82,,NO,N/A,0,INVALID,NO,FĂRĂ ISTORIC
fixture,sample_fraction_invalid,12,,,0.045,,0.8999999999999999,,INPUT,,,INPUT INVALID – NO RANK,N/A,N/A,INPUT,0,INPUT,0.1,,NO,N/A,0,INVALID,NO,FĂRĂ ISTORIC
fixture,numeric_text_market,1X,,,0.01,,,,INPUT,,,VERIFICARE NECESARĂ – NO RANK,INPUT,INPUT,N/A,0,INPUT,,,NO,N/A,0.0,PENDING,NO,FĂRĂ ISTORIC
fixture,numeric_text_market,X2,,,0.01,,,,INPUT,,,VERIFICARE NECESARĂ – NO RANK,INPUT,INPUT,N/A,,INPUT,,,NO,N/A,0,PENDING,NO,FĂRĂ ISTORIC
fixture,numeric_text_market,12,,,0.01,,,,INPUT,,,VERIFICARE NECESARĂ – NO RANK,N/A,N/A,INPUT,0,INPUT,,,NO,N/A,0,PENDING,NO,FĂRĂ ISTORIC
mock,90001,1X,0.7286713855999224,0.2713286144000776,0.025,0.7036713855999224,0.7294429708222813,-0.025771585222358895,PASS,54.0,3.0,MODERAT,PASS,PASS,N/A,0,PASS,0.27055702917771884,0.2713286144000776,YES,N/A,0.0,READY,NO,FĂRĂ ISTORIC
mock,90001,X2,0.5175143095251398,0.48248569047486023,0.025,0.49251430952513975,0.5490716180371353,-0.056557308511995585,FAIL,100,5.0,NO BET,FAIL,FAIL,N/A,0.0,FAIL,0.4509283819628648,0.48248569047486023,NO,N/A,0,READY,NO,FĂRĂ ISTORIC
mock,90001,12,0.7538143048749378,0.24618569512506217,0.025,0.7288143048749378,0.7214854111405836,0.0073288937343541916,FAIL,100,5.0,NO BET,N/A,N/A,FAIL,0,FAIL,0.2785145888594165,0.2785145888594165,NO,N/A,0,READY,NO,FĂRĂ ISTORIC
mock_small,90001,1X,0.7043281183906518,0.2956718816093483,0.045,0.6593281183906518,0.7294429708222813,-0.07011485243162952,PASS,62.0,4.0,RIDICAT,PASS,PASS,N/A,0,PASS,0.27055702917771884,0.2956718816093483,YES,N/A,0.0,READY,NO,FĂRĂ ISTORIC
mock_small,90001,X2,0.5254208523833639,0.4745791476166361,0.045,0.4804208523833639,0.5490716180371353,-0.06865076565377143,FAIL,100,5.0,NO BET,FAIL,FAIL,N/A,0.0,FAIL,0.4509283819628648,0.4745791476166361,NO,N/A,0,READY,NO,FĂRĂ ISTORIC
mock_small,90001,12,0.7702510292259844,0.22974897077401563,0.045,0.7252510292259844,0.7214854111405836,0.003765618085400768,FAIL,100,5.0,NO BET,N/A,N/A,FAIL,0,FAIL,0.2785145888594165,0.2785145888594165,NO,N/A,0,READY,NO,FĂRĂ ISTORIC
mock,90002,1X,0.813495103178712,0.18650489682128807,0.025,0.788495103178712,0.8366783743100853,-0.04818327113137333,PASS,39.0,2.0,PRUDENT,PASS,PASS,N/A,0,PASS,0.1633216256899147,0.18650489682128807,YES,N/A,0.0,READY,NO,FĂRĂ ISTORIC
mock,90002,X2,0.4050237989945975,0.5949762010054025,0.025,0.3800237989945975,0.388861013547416,-0.008837214552818495,FAIL,100,5.0,NO BET,FAIL,FAIL,N/A,0.0,FAIL,0.611138986452584,0.611138986452584,NO,N/A,0,READY,NO,FĂRĂ ISTORIC
mock,90002,12,0.7814810978266906,0.21851890217330946,0.025,0.7564810978266906,0.7744606121424987,-0.01797951431580813,WATCH,83.0,5.0,WATCH,N/A,N/A,WATCH,0,WATCH,0.22553938785750124,0.22553938785750124,NO,N/A,0,READY,NO,FĂRĂ ISTORIC
mock_small,90002,1X,0.7424124653944069,0.25758753460559325,0.045,0.6974124653944068,0.8366783743100853,-0.13926590891567847,PASS,55.0,3.0,MODERAT,PASS,PASS,N/A,0,PASS,0.1633216256899147,0.25758753460559325,YES,N/A,0.0,READY,NO,FĂRĂ ISTORIC
mock_small,90002,X2,0.4727989413054077,0.5272010586945923,0.045,0.42779894130540774,0.388861013547416,0.038937927757991764,FAIL,100,5.0,NO BET,FAIL,FAIL,N/A,0.0,FAIL,0.611138986452584,0.611138986452584,NO,N/A,0,READY,NO,FĂRĂ ISTORIC
mock_small,90002,12,0.7847885933001856,0.21521140669981448,0.045,0.7397885933001855,0.7744606121424987,-0.03467201884231319,FAIL,100,5.0,NO BET,N/A,N/A,FAIL,0,FAIL,0.22553938785750124,0.22553938785750124,NO,N/A,0,READY,NO,FĂRĂ ISTORIC
mock,90003,1X,0.855036178101634,0.14496382189836607,0.025,0.830036178101634,0.8659217877094973,-0.035885609607863356,PASS,31.0,2.0,PRUDENT,PASS,PASS,N/A,0,PASS,0.1340782122905028,0.14496382189836607,YES,N/A,0.0,READY,NO,FĂRĂ ISTORIC
mock,90003,X2,0.34556186441453096,0.654438135585469,0.025,0.32056186441453094,0.3296089385474861,-0.009047074132955135,FAIL,100,5.0,NO BET,FAIL,FAIL,N/A,0.0,FAIL,0.670391061452514,0.670391061452514,NO,N/A,0,READY,NO,FĂRĂ ISTORIC
mock,90003,12,0.7994019574838351,0.20059804251616492,0.025,0.7744019574838351,0.8044692737430168,-0.030067316259181687,PRUDENT,53.0,3.0,MODERAT,N/A,N/A,PRUDENT,0,PRUDENT,0.19553072625698326,0.20059804251616492,YES,N/A,0,READY,NO,FĂRĂ ISTORIC
mock_small,90003,1X,0.7692645317876176,0.23073546821238256,0.045,0.7242645317876175,0.8659217877094973,-0.14165725592187983,PASS,51.0,3.0,MODERAT,PASS,PASS,N/A,0,PASS,0.1340782122905028,0.23073546821238256,YES,N/A,0.0,READY,NO,FĂRĂ ISTORIC
mock_small,90003,X2,0.4314286063716617,0.5685713936283384,0.045,0.3864286063716617,0.3296089385474861,0.056819667824175635,FAIL,100,5.0,NO BET,FAIL,FAIL,N/A,0.0,FAIL,0.670391061452514,0.670391061452514,NO,N/A,0,READY,NO,FĂRĂ ISTORIC
mock_small,90003,12,0.799306861840721,0.20069313815927914,0.045,0.7543068618407209,0.8044692737430168,-0.05016241190229587,WATCH,81.0,5.0,WATCH,N/A,N/A,WATCH,0,WATCH,0.19553072625698326,0.20069313815927914,NO,N/A,0,READY,NO,FĂRĂ ISTORIC
