match_id,match,selection,pfail_model,pfail_market,pfail_dc,haircut_base,haircut_early,haircut_total,risk_failure_component,risk_haircut_component,prudent_gate_surcharge,draw_watch_surcharge,gate_fail_surcharge,away_favorite_surcharge,fragility_status,fragility_level_surcharge,risk_score_before_cap,risk_score_final,risk_level,market_direction,protected_strength,draw_gate,p0_final,verdict,pdraw_model_raw,pdraw_model_after_haircut,pdraw_market,pdraw_adjusted
8419397,Central Córdoba SdE vs Defensa y Justicia,1X,,0.3448275862,,0.025,0,0.025,,5,10,0,0,0,N/A,0,,,5,PRUDENT,INPUT,N/A,INPUT,NO BET,,,,
8419397,Central Córdoba SdE vs Defensa y Justicia,X2,,0.3448275862,,0.025,0,0.025,,5,10,0,0,0,N/A,0,,,5,PRUDENT,INPUT,N/A,INPUT,NO BET,,,,
8419397,Central Córdoba SdE vs Defensa y Justicia,12,,0.3103448276,,0.025,0,0.025,,3,0,0,0,0,N/A,0,,,5,N/A,N/A,INPUT,INPUT,NO BET,,,0.3103448276,
8391086,New York City vs New York RB,1X,0.2930845638,0.2349299446,0.2930845638,0.025,0,0.025,52.75522148,5,0,0,0,0,N/A,0,58,58,3,PASS,PASS,N/A,PASS,MODERAT,,,,
8391086,New York City vs New York RB,X2,0.4743759202,0.5369827305,0.5369827305,0.025,0,0.025,96.6568915,5,0,0,60,0,N/A,0,162,100,5,FAIL,FAIL,N/A,FAIL,NO BET,,,,
8391086,New York City vs New York RB,12,0.232539516,0.2280873249,0.232539516,0.025,0,0.025,46.5079032,3,0,35,0,0,N/A,0,85,85,5,N/A,N/A,WATCH,WATCH,WATCH,0.232539516,0.257539516,0.2280873249,0.257539516
8419475,Racing Club vs Sarmiento,1X,,0.1839023175,,0.025,0,0.025,,5,0,0,0,0,N/A,0,,,5,PASS,INPUT,N/A,INPUT,NO BET,,,,
8419475,Racing Club vs Sarmiento,X2,,0.5606777972,,0.025,0,0.025,,5,0,0,0,0,N/A,0,,,5,FAIL,INPUT,N/A,INPUT,NO BET,,,,
8419475,Racing Club vs Sarmiento,12,,0.2554198854,,0.025,0,0.025,,3,0,0,0,0,N/A,0,,,5,N/A,N/A,INPUT,INPUT,NO BET,,,0.2554198854,
8612443,Stefanesti vs Metaloglobus,1X,0.3552990524,0.4886227545,0.4886227545,0.025,0.02,0.045,87.95209581,9,0,0,60,0,N/A,0,157,100,5,FAIL,FAIL,N/A,FAIL,NO BET,,,,
8612443,Stefanesti vs Metaloglobus,X2,0.4010043933,0.2483832335,0.4010043933,0.025,0.02,0.045,72.18079079,9,0,0,0,0,N/A,0,81,81,5,PASS,PASS,N/A,PASS,WATCH,,,,
8612443,Stefanesti vs Metaloglobus,12,0.2436965544,0.262994012,0.262994012,0.025,0.02,0.045,52.5988024,5.4,0,60,0,0,N/A,0,118,100,5,N/A,N/A,FAIL,FAIL,NO BET,0.2436965544,0.2886965544,0.262994012,0.2886965544
8612487,Unirea Slobozia vs Chindia Târgovişte,1X,0.3505572038,0.4684759916,0.4684759916,0.025,0.02,0.045,84.3256785,9,0,0,60,0,N/A,0,153,100,5,FAIL,FAIL,N/A,FAIL,NO BET,,,,
8612487,Unirea Slobozia vs Chindia Târgovişte,X2,0.4041892455,0.2617954071,0.4041892455,0.025,0.02,0.045,72.75406418,9,0,0,0,0,N/A,0,82,82,5,PASS,PASS,N/A,PASS,WATCH,,,,
8612487,Unirea Slobozia vs Chindia Târgovişte,12,0.2452535508,0.2697286013,0.2697286013,0.025,0.02,0.045,53.94572025,5.4,0,60,0,0,N/A,0,119,100,5,N/A,N/A,FAIL,FAIL,NO BET,0.2452535508,0.2902535508,0.2697286013,0.2902535508
8612492,Slatina vs Viitorul Şelimbăr,1X,0.2547624369,0.1143534561,0.2547624369,0.025,0.02,0.045,45.85723865,9,0,0,0,0,N/A,0,55,55,3,PASS,PASS,N/A,PASS,MODERAT,,,,
8612492,Slatina vs Viitorul Şelimbăr,X2,0.5196094892,0.6930512493,0.6930512493,0.025,0.02,0.045,124.7492249,9,0,0,60,0,N/A,0,194,100,5,FAIL,FAIL,N/A,FAIL,NO BET,,,,
8612492,Slatina vs Viitorul Şelimbăr,12,0.2256280739,0.1925952945,0.2256280739,0.025,0.02,0.045,45.12561478,5.4,0,60,0,0,N/A,0,111,100,5,N/A,N/A,FAIL,FAIL,NO BET,0.2256280739,0.2706280739,0.1925952945,0.2706280739
8612564,FC Bacău vs FC Cetatea Suceava,1X,0.2833249955,0.2136005116,0.2833249955,0.025,0.02,0.045,50.99849918,9,0,0,0,0,N/A,0,60,60,3,PASS,PASS,N/A,PASS,MODERAT,,,,
8612564,FC Bacău vs FC Cetatea Suceava,X2,0.4762051571,0.5371988915,0.5371988915,0.025,0.02,0.045,96.69580047,9,0,0,60,0,N/A,0,166,100,5,FAIL,FAIL,N/A,FAIL,NO BET,,,,
8612564,FC Bacău vs FC Cetatea Suceava,12,0.2404698474,0.2492005969,0.2492005969,0.025,0.02,0.045,49.84011938,5.4,0,60,0,0,N/A,0,115,100,5,N/A,N/A,FAIL,FAIL,NO BET,0.2404698474,0.2854698474,0.2492005969,0.2854698474
8612599,CSM Satu Mare vs Afumaţi,1X,0.353180854,0.4735376045,0.4735376045,0.025,0.02,0.045,85.2367688,9,0,0,60,0,N/A,0,154,100,5,FAIL,FAIL,N/A,FAIL,NO BET,,,,
8612599,CSM Satu Mare vs Afumaţi,X2,0.4013996309,0.2632311978,0.4013996309,0.025,0.02,0.045,72.25193356,9,0,0,0,0,N/A,0,81,81,5,PASS,PASS,N/A,PASS,WATCH,,,,
8612599,CSM Satu Mare vs Afumaţi,12,0.2454195151,0.2632311978,0.2632311978,0.025,0.02,0.045,52.64623955,5.4,0,60,0,0,N/A,0,118,100,5,N/A,N/A,FAIL,FAIL,NO BET,0.2454195151,0.2904195151,0.2632311978,0.2904195151
8612613,CSA Steaua Bucureşti vs ACS Gloria Bistrita,1X,0.3097905812,0.2896479758,0.3097905812,0.025,0.02,0.045,55.76230462,9,0,0,0,0,N/A,0,65,65,4,PASS,PASS,N/A,PASS,RIDICAT,,,,
8612613,CSA Steaua Bucureşti vs ACS Gloria Bistrita,X2,0.4441352582,0.442319569,0.4441352582,0.025,0.02,0.045,79.94434648,9,0,0,60,0,N/A,0,149,100,5,FAIL,FAIL,N/A,FAIL,NO BET,,,,
8612613,CSA Steaua Bucureşti vs ACS Gloria Bistrita,12,0.2460741606,0.2680324552,0.2680324552,0.025,0.02,0.045,53.60649104,5.4,0,60,0,0,N/A,0,119,100,5,N/A,N/A,FAIL,FAIL,NO BET,0.2460741606,0.2910741606,0.2680324552,0.2910741606
8612623,Concordia Chiajna vs Metalul Buzău,1X,0.3044435586,0.2785764887,0.3044435586,0.025,0.02,0.045,54.79984055,9,0,0,0,0,N/A,0,64,64,4,PASS,PASS,N/A,PASS,RIDICAT,,,,
8612623,Concordia Chiajna vs Metalul Buzău,X2,0.4525430139,0.4667250073,0.4667250073,0.025,0.02,0.045,84.01050131,9,0,0,60,0,N/A,0,153,100,5,FAIL,FAIL,N/A,FAIL,NO BET,,,,
8612623,Concordia Chiajna vs Metalul Buzău,12,0.2430134274,0.254698504,0.254698504,0.025,0.02,0.045,50.9397008,5.4,0,60,0,0,N/A,0,116,100,5,N/A,N/A,FAIL,FAIL,NO BET,0.2430134274,0.2880134274,0.254698504,0.2880134274
8553047,Avispa Fukuoka vs Sanfrecce Hiroshima,1X,0.3849517964,0.5315222206,0.5315222206,0.025,0.02,0.045,95.6739997,9,0,0,60,0,N/A,0,165,100,5,FAIL,FAIL,N/A,FAIL,NO BET,,,,
8553047,Avispa Fukuoka vs Sanfrecce Hiroshima,X2,0.3704084548,0.2219105271,0.3704084548,0.025,0.02,0.045,66.67352186,9,0,0,0,0,N/A,0,76,76,4,PASS,PASS,N/A,PASS,RIDICAT,,,,
8553047,Avispa Fukuoka vs Sanfrecce Hiroshima,12,0.2446397488,0.2465672523,0.2465672523,0.025,0.02,0.045,49.31345047,5.4,0,60,0,0,N/A,0,115,100,5,N/A,N/A,FAIL,FAIL,NO BET,0.2446397488,0.2896397488,0.2465672523,0.2896397488
8553172,Kawasaki Frontale vs Kashima Antlers,1X,0.3482371331,0.3961397491,0.3961397491,0.025,0.02,0.045,71.30515484,9,10,0,60,0,N/A,0,150,100,5,FAIL,PRUDENT,N/A,FAIL,NO BET,,,,
8553172,Kawasaki Frontale vs Kashima Antlers,X2,0.4101325611,0.3640636561,0.4101325611,0.025,0.02,0.045,73.82386099,9,0,0,60,0,N/A,0,143,100,5,FAIL,PASS,N/A,FAIL,NO BET,,,,
8553172,Kawasaki Frontale vs Kashima Antlers,12,0.2416303058,0.2397965948,0.2416303058,0.025,0.02,0.045,48.32606116,5.4,0,60,0,0,N/A,0,114,100,5,N/A,N/A,FAIL,FAIL,NO BET,0.2416303058,0.2866303058,0.2397965948,0.2866303058
8553053,Urawa Reds vs Tokyo Verdy,1X,0.2990246452,0.2023121387,0.2990246452,0.025,0.02,0.045,53.82443613,9,0,0,0,0,N/A,0,63,63,4,PASS,PASS,N/A,PASS,RIDICAT,,,,
8553053,Urawa Reds vs Tokyo Verdy,X2,0.4512176629,0.5317919075,0.5317919075,0.025,0.02,0.045,95.72254335,9,0,0,60,0,N/A,0,165,100,5,FAIL,FAIL,N/A,FAIL,NO BET,,,,
8553053,Urawa Reds vs Tokyo Verdy,12,0.2497576919,0.2658959538,0.2658959538,0.025,0.02,0.045,53.17919075,5.4,0,60,0,0,N/A,0,119,100,5,N/A,N/A,FAIL,FAIL,NO BET,0.2497576919,0.2947576919,0.2658959538,0.2947576919
8553168,V-Varen Nagasaki vs Cerezo Osaka,1X,0.3639209138,0.4764605786,0.4764605786,0.025,0.02,0.045,85.76290414,9,0,0,60,0,N/A,0,155,100,5,FAIL,FAIL,N/A,FAIL,NO BET,,,,
8553168,V-Varen Nagasaki vs Cerezo Osaka,X2,0.3891629983,0.2654566081,0.3891629983,0.025,0.02,0.045,70.04933969,9,0,0,0,0,N/A,0,79,79,4,PASS,PASS,N/A,PASS,RIDICAT,,,,
8553168,V-Varen Nagasaki vs Cerezo Osaka,12,0.2469160879,0.2580828134,0.2580828134,0.025,0.02,0.045,51.61656268,5.4,0,60,0,0,N/A,0,117,100,5,N/A,N/A,FAIL,FAIL,NO BET,0.2469160879,0.2919160879,0.2580828134,0.2919160879
8553366,Shimizu S-Pulse vs JEF United,1X,0.30573411,0.2453138947,0.30573411,0.025,0.02,0.045,55.03213981,9,0,0,0,0,N/A,0,64,64,4,PASS,PASS,N/A,PASS,RIDICAT,,,,
8553366,Shimizu S-Pulse vs JEF United,X2,0.4424395203,0.4805117525,0.4805117525,0.025,0.02,0.045,86.49211544,9,0,0,60,0,N/A,0,155,100,5,FAIL,FAIL,N/A,FAIL,NO BET,,,,
8553366,Shimizu S-Pulse vs JEF United,12,0.2518263697,0.2741743529,0.2741743529,0.025,0.02,0.045,54.83487057,5.4,0,60,0,0,N/A,0,120,100,5,N/A,N/A,FAIL,FAIL,NO BET,0.2518263697,0.2968263697,0.2741743529,0.2968263697
8612588,Popești-Leordeni vs ASU Poli Timişoara,1X,0.3523869746,0.4711118576,0.4711118576,0.025,0.02,0.045,84.80013436,9,0,0,60,0,N/A,0,154,100,5,FAIL,FAIL,N/A,FAIL,NO BET,,,,
8612588,Popești-Leordeni vs ASU Poli Timişoara,X2,0.4023889556,0.2604971448,0.4023889556,0.025,0.02,0.045,72.430012,9,0,0,0,0,N/A,0,81,81,5,PASS,PASS,N/A,PASS,WATCH,,,,
8612588,Popești-Leordeni vs ASU Poli Timişoara,12,0.2452240698,0.2683909976,0.2683909976,0.025,0.02,0.045,53.67819953,5.4,0,60,0,0,N/A,0,119,100,5,N/A,N/A,FAIL,FAIL,NO BET,0.2452240698,0.2902240698,0.2683909976,0.2902240698
8553086,Fagiano Okayama vs Kyoto Sanga,1X,0.3048102077,0.24393211,0.3048102077,0.025,0.02,0.045,54.86583739,9,0,0,0,0,N/A,0,64,64,4,PASS,PASS,N/A,PASS,RIDICAT,,,,
8553086,Fagiano Okayama vs Kyoto Sanga,X2,0.4471661523,0.4956909187,0.4956909187,0.025,0.02,0.045,89.22436536,9,0,0,60,0,N/A,0,158,100,5,FAIL,FAIL,N/A,FAIL,NO BET,,,,
8553086,Fagiano Okayama vs Kyoto Sanga,12,0.24802364,0.2603769713,0.2603769713,0.025,0.02,0.045,52.07539427,5.4,0,60,0,0,N/A,0,117,100,5,N/A,N/A,FAIL,FAIL,NO BET,0.24802364,0.29302364,0.2603769713,0.29302364
8553173,Tokyo vs Nagoya Grampus,1X,0.3026097056,0.23703586,0.3026097056,0.025,0.02,0.045,54.46974701,9,0,0,0,0,N/A,0,63,63,4,PASS,PASS,N/A,PASS,RIDICAT,,,,
8553173,Tokyo vs Nagoya Grampus,X2,0.4532212056,0.5164468457,0.5164468457,0.025,0.02,0.045,92.96043223,9,0,0,60,0,N/A,0,162,100,5,FAIL,FAIL,N/A,FAIL,NO BET,,,,
8553173,Tokyo vs Nagoya Grampus,12,0.2441690888,0.2465172943,0.2465172943,0.025,0.02,0.045,49.30345887,5.4,0,60,0,0,N/A,0,115,100,5,N/A,N/A,FAIL,FAIL,NO BET,0.2441690888,0.2891690888,0.2465172943,0.2891690888
8553048,Yokohama F. Marinos vs Mito Hollyhock,1X,0.3225842964,0.2953042689,0.3225842964,0.025,0.02,0.045,58.06517335,9,0,0,0,0,N/A,0,67,67,4,PASS,PASS,N/A,PASS,RIDICAT,,,,
8553048,Yokohama F. Marinos vs Mito Hollyhock,X2,0.4296878339,0.445880208,0.445880208,0.025,0.02,0.045,80.25843744,9,0,0,60,0,N/A,0,149,100,5,FAIL,FAIL,N/A,FAIL,NO BET,,,,
8553048,Yokohama F. Marinos vs Mito Hollyhock,12,0.2477278697,0.2588155231,0.2588155231,0.025,0.02,0.045,51.76310461,5.4,0,60,0,0,N/A,0,117,100,5,N/A,N/A,FAIL,FAIL,NO BET,0.2477278697,0.2927278697,0.2588155231,0.2927278697
8546412,Dunav 2010 vs Botev Vratsa,1X,0.3328451647,0.3563218391,0.3563218391,0.025,0.02,0.045,64.13793103,9,0,0,60,0,N/A,0,133,100,5,FAIL,PASS,N/A,FAIL,NO BET,,,,
8546412,Dunav 2010 vs Botev Vratsa,X2,0.4027353219,0.3563218391,0.4027353219,0.025,0.02,0.045,72.49235795,9,0,0,60,0,N/A,0,141,100,5,FAIL,PASS,N/A,FAIL,NO BET,,,,
8546412,Dunav 2010 vs Botev Vratsa,12,0.2644195134,0.2873563218,0.2873563218,0.025,0.02,0.045,57.47126437,5.4,0,60,0,0,N/A,0,123,100,5,N/A,N/A,FAIL,FAIL,NO BET,0.2644195134,0.3094195134,0.2873563218,0.3094195134
8572750,Kaiserslautern vs Eintracht Braunschweig,1X,0.3488944913,0.2683381683,0.3488944913,0.025,0.02,0.045,62.80100843,9,0,0,0,0,N/A,0,72,72,4,PASS,PASS,N/A,PASS,RIDICAT,,,,
8572750,Kaiserslautern vs Eintracht Braunschweig,X2,0.4203676947,0.4786572731,0.4786572731,0.025,0.02,0.045,86.15830916,9,0,0,60,0,N/A,0,155,100,5,FAIL,FAIL,N/A,FAIL,NO BET,,,,
8572750,Kaiserslautern vs Eintracht Braunschweig,12,0.2307378141,0.2530045586,0.2530045586,0.025,0.02,0.045,50.60091173,5.4,0,60,0,0,N/A,0,116,100,5,N/A,N/A,FAIL,FAIL,NO BET,0.2307378141,0.2757378141,0.2530045586,0.2757378141
8572816,Holstein Kiel vs Osnabrück,1X,0.3429678131,0.2519440124,0.3429678131,0.025,0.02,0.045,61.73420636,9,0,0,0,0,N/A,0,71,71,4,PASS,PASS,N/A,PASS,RIDICAT,,,,
8572816,Holstein Kiel vs Osnabrück,X2,0.432177305,0.5178849145,0.5178849145,0.025,0.02,0.045,93.2192846,9,0,0,60,0,N/A,0,162,100,5,FAIL,FAIL,N/A,FAIL,NO BET,,,,
8572816,Holstein Kiel vs Osnabrück,12,0.2248548819,0.2301710731,0.2301710731,0.025,0.02,0.045,46.03421462,5.4,0,60,0,0,N/A,0,111,100,5,N/A,N/A,FAIL,FAIL,NO BET,0.2248548819,0.2698548819,0.2301710731,0.2698548819
8572872,Karlsruher SC vs Nürnberg,1X,,,,0.025,0.02,0.045,,9,0,0,0,0,N/A,0,,,5,INPUT,INPUT,N/A,INPUT,NO BET,,,,
8572872,Karlsruher SC vs Nürnberg,X2,,,,0.025,0.02,0.045,,9,0,0,0,0,N/A,0,,,5,INPUT,INPUT,N/A,INPUT,NO BET,,,,
8572872,Karlsruher SC vs Nürnberg,12,,,,0.025,0.02,0.045,,5.4,0,0,0,0,N/A,0,,,5,N/A,N/A,INPUT,INPUT,NO BET,,,,
8558097,Tottenham Hotspur vs Aston Villa,1X,0.3390196704,0.2917887649,0.3390196704,0.025,0.02,0.045,61.02354068,9,0,0,0,0,N/A,0,70,70,4,PASS,PASS,N/A,PASS,RIDICAT,,,,
8558097,Tottenham Hotspur vs Aston Villa,X2,0.410120837,0.4593802606,0.4593802606,0.025,0.02,0.045,82.68844691,9,0,0,60,0,N/A,0,152,100,5,FAIL,FAIL,N/A,FAIL,NO BET,,,,
8558097,Tottenham Hotspur vs Aston Villa,12,0.2508594926,0.2488309745,0.2508594926,0.025,0.02,0.045,50.17189852,5.4,0,60,0,0,N/A,0,116,100,5,N/A,N/A,FAIL,FAIL,NO BET,0.2508594926,0.2958594926,0.2488309745,0.2958594926
8566424,Stoke City vs Sheffield United,1X,0.3213106828,0.3329397875,0.3329397875,0.025,0.02,0.045,59.92916175,9,10,0,0,0,N/A,0,79,79,4,PRUDENT,PASS,N/A,PRUDENT,RIDICAT,,,,
8566424,Stoke City vs Sheffield United,X2,0.4237340974,0.3896103896,0.4237340974,0.025,0.02,0.045,76.27213754,9,0,0,60,0,N/A,0,145,100,5,FAIL,FAIL,N/A,FAIL,NO BET,,,,
8566424,Stoke City vs Sheffield United,12,0.2549552198,0.2774498229,0.2774498229,0.025,0.02,0.045,55.48996458,5.4,0,60,0,0,N/A,0,121,100,5,N/A,N/A,FAIL,FAIL,NO BET,0.2549552198,0.2999552198,0.2774498229,0.2999552198
8566662,Millwall vs West Ham United,1X,0.3709323459,0.523138833,0.523138833,0.025,0.02,0.045,94.16498994,9,0,0,60,0,N/A,0,163,100,5,FAIL,FAIL,N/A,FAIL,NO BET,,,,
8566662,Millwall vs West Ham United,X2,0.3838446804,0.2354124748,0.3838446804,0.025,0.02,0.045,69.09204247,9,0,0,0,0,N/A,0,78,78,4,PASS,PASS,N/A,PASS,RIDICAT,,,,
8566662,Millwall vs West Ham United,12,0.2452229738,0.2414486922,0.2452229738,0.025,0.02,0.045,49.04459475,5.4,0,60,0,0,N/A,0,114,100,5,N/A,N/A,FAIL,FAIL,NO BET,0.2452229738,0.2902229738,0.2414486922,0.2902229738
8566668,Cardiff City vs Charlton Athletic,1X,0.2930170889,0.2247191011,0.2930170889,0.025,0.02,0.045,52.74307601,9,0,0,0,0,N/A,0,62,62,4,PASS,PASS,N/A,PASS,RIDICAT,,,,
8566668,Cardiff City vs Charlton Athletic,X2,0.4629201692,0.5393258427,0.5393258427,0.025,0.02,0.045,97.07865169,9,0,0,60,0,N/A,0,166,100,5,FAIL,FAIL,N/A,FAIL,NO BET,,,,
8566668,Cardiff City vs Charlton Athletic,12,0.2440627419,0.2359550562,0.2440627419,0.025,0.02,0.045,48.81254838,5.4,0,60,0,0,N/A,0,114,100,5,N/A,N/A,FAIL,FAIL,NO BET,0.2440627419,0.2890627419,0.2359550562,0.2890627419
8551234,Guingamp vs Red Star,1X,0.3293309927,0.3042553191,0.3293309927,0.025,0.02,0.045,59.27957868,9,10,0,0,0,N/A,0,78,78,4,PRUDENT,PASS,N/A,PRUDENT,RIDICAT,,,,
8551234,Guingamp vs Red Star,X2,0.3972257147,0.414893617,0.414893617,0.025,0.02,0.045,74.68085106,9,0,0,60,0,N/A,0,144,100,5,FAIL,FAIL,N/A,FAIL,NO BET,,,,
8551234,Guingamp vs Red Star,12,0.2734432927,0.2808510638,0.2808510638,0.025,0.02,0.045,56.17021277,5.4,0,60,0,0,N/A,0,122,100,5,N/A,N/A,FAIL,FAIL,NO BET,0.2734432927,0.3184432927,0.2808510638,0.3184432927
8551322,Boulogne vs Nantes,1X,0.3611339375,0.4362888384,0.4362888384,0.025,0.02,0.045,78.53199091,9,0,0,60,0,N/A,0,148,100,5,FAIL,FAIL,N/A,FAIL,NO BET,,,,
8551322,Boulogne vs Nantes,X2,0.3626993837,0.275197575,0.3626993837,0.025,0.02,0.045,65.28588907,9,0,0,0,0,N/A,0,74,74,4,PASS,PASS,N/A,PASS,RIDICAT,,,,
8551322,Boulogne vs Nantes,12,0.2761666788,0.2885135867,0.2885135867,0.025,0.02,0.045,57.70271733,5.4,0,60,0,0,N/A,0,123,100,5,N/A,N/A,FAIL,FAIL,NO BET,0.2761666788,0.3211666788,0.2885135867,0.3211666788
8570366,CA Osasuna vs Rayo Vallecano,1X,0.318471044,0.3223293769,0.3223293769,0.025,0.02,0.045,58.01928783,9,10,0,0,0,N/A,0,77,77,4,PRUDENT,PASS,N/A,PRUDENT,RIDICAT,,,,
8570366,CA Osasuna vs Rayo Vallecano,X2,0.4324192296,0.3944114738,0.4324192296,0.025,0.02,0.045,77.83546132,9,0,0,60,0,N/A,0,147,100,5,FAIL,FAIL,N/A,FAIL,NO BET,,,,
8570366,CA Osasuna vs Rayo Vallecano,12,0.2491097264,0.2832591494,0.2832591494,0.025,0.02,0.045,56.65182987,5.4,0,60,0,0,N/A,0,122,100,5,N/A,N/A,FAIL,FAIL,NO BET,0.2491097264,0.2941097264,0.2832591494,0.2941097264
8577334,Alashkert vs Pyunik,1X,0.3309093837,0.3480374938,0.3480374938,0.025,0.02,0.045,62.64674888,9,10,0,0,0,N/A,0,82,82,5,PRUDENT,PASS,N/A,PRUDENT,WATCH,,,,
8577334,Alashkert vs Pyunik,X2,0.4088203735,0.3549705116,0.4088203735,0.025,0.02,0.045,73.58766722,9,10,0,60,0,N/A,0,153,100,5,FAIL,PRUDENT,N/A,FAIL,NO BET,,,,
8577334,Alashkert vs Pyunik,12,0.2602702428,0.2969919947,0.2969919947,0.025,0.02,0.045,59.39839894,5.4,0,60,0,0,N/A,0,125,100,5,N/A,N/A,FAIL,FAIL,NO BET,0.2602702428,0.3052702428,0.2969919947,0.3052702428
8584563,Real Sociedad II vs RCD Mallorca,1X,0.380110599,0.4871749374,0.4871749374,0.025,0.02,0.045,87.69148873,9,0,0,60,0,N/A,0,157,100,5,FAIL,FAIL,N/A,FAIL,NO BET,,,,
8584563,Real Sociedad II vs RCD Mallorca,X2,0.3459359053,0.25531831,0.3459359053,0.025,0.02,0.045,62.26846296,9,0,0,0,0,N/A,0,71,71,4,PASS,PASS,N/A,PASS,RIDICAT,,,,
8584563,Real Sociedad II vs RCD Mallorca,12,0.2739534956,0.2575067526,0.2739534956,0.025,0.02,0.045,54.79069913,5.4,0,60,0,0,N/A,0,120,100,5,N/A,N/A,FAIL,FAIL,NO BET,0.2739534956,0.3189534956,0.2575067526,0.3189534956
8588662,AB vs Esbjerg,1X,0.3564638277,0.3163056938,0.3564638277,0.025,0.02,0.045,64.16348899,9,10,0,0,0,N/A,0,83,83,5,PRUDENT,PASS,N/A,PRUDENT,WATCH,,,,
8588662,AB vs Esbjerg,X2,0.3888420583,0.4456326524,0.4456326524,0.025,0.02,0.045,80.21387743,9,0,0,60,0,N/A,0,149,100,5,FAIL,FAIL,N/A,FAIL,NO BET,,,,
8588662,AB vs Esbjerg,12,0.2546941139,0.2380616538,0.2546941139,0.025,0.02,0.045,50.93882278,5.4,0,60,0,0,N/A,0,116,100,5,N/A,N/A,FAIL,FAIL,NO BET,0.2546941139,0.2996941139,0.2380616538,0.2996941139
8588689,Aarhus Fremad vs Hvidovre,1X,0.3697556707,0.3499149103,0.3697556707,0.025,0.02,0.045,66.55602073,9,10,0,0,0,N/A,0,86,86,5,PRUDENT,PASS,N/A,PRUDENT,WATCH,,,,
8588689,Aarhus Fremad vs Hvidovre,X2,0.3648744652,0.3743945543,0.3743945543,0.025,0.02,0.045,67.39101977,9,10,0,60,0,N/A,0,146,100,5,FAIL,PRUDENT,N/A,FAIL,NO BET,,,,
8588689,Aarhus Fremad vs Hvidovre,12,0.2653698641,0.2756905354,0.2756905354,0.025,0.02,0.045,55.13810708,5.4,0,60,0,0,N/A,0,121,100,5,N/A,N/A,FAIL,FAIL,NO BET,0.2653698641,0.3103698641,0.2756905354,0.3103698641
8710042,TPS vs Ilves,1X,0.3311252212,0.3590749165,0.3590749165,0.025,0,0.025,64.63348497,5,0,0,60,0,N/A,0,130,100,5,FAIL,PASS,N/A,FAIL,NO BET,,,,
8710042,TPS vs Ilves,X2,0.4215775186,0.366402976,0.4215775186,0.025,0,0.025,75.88395335,5,10,0,60,0,N/A,0,151,100,5,FAIL,PRUDENT,N/A,FAIL,NO BET,,,,
8710042,TPS vs Ilves,12,0.2472972602,0.2745221074,0.2745221074,0.025,0,0.025,54.90442149,3,0,60,0,0,N/A,0,118,100,5,N/A,N/A,FAIL,FAIL,NO BET,0.2472972602,0.2722972602,0.2745221074,0.2745221074
8550475,Korona Kielce vs Raków Częstochowa,1X,0.3175480747,0.3022586621,0.3175480747,0.025,0.02,0.045,57.15865344,9,10,0,0,0,N/A,0,76,76,4,PRUDENT,PASS,N/A,PRUDENT,RIDICAT,,,,
8550475,Korona Kielce vs Raków Częstochowa,X2,0.4318681505,0.433797154,0.433797154,0.025,0.02,0.045,78.08348772,9,0,0,60,0,N/A,0,147,100,5,FAIL,FAIL,N/A,FAIL,NO BET,,,,
8550475,Korona Kielce vs Raków Częstochowa,12,0.2505837749,0.2639441838,0.2639441838,0.025,0.02,0.045,52.78883677,5.4,0,60,0,0,N/A,0,118,100,5,N/A,N/A,FAIL,FAIL,NO BET,0.2505837749,0.2955837749,0.2639441838,0.2955837749
8571990,Fleury 91 vs Thionville Lusitanos,1X,0.3379938693,0.2696476965,0.3379938693,0.025,0.02,0.045,60.83889647,9,0,0,0,0,N/A,0,70,70,4,PASS,PASS,N/A,PASS,RIDICAT,,,,
8571990,Fleury 91 vs Thionville Lusitanos,X2,0.382396247,0.460704607,0.460704607,0.025,0.02,0.045,82.92682927,9,0,0,60,0,N/A,0,152,100,5,FAIL,FAIL,N/A,FAIL,NO BET,,,,
8571990,Fleury 91 vs Thionville Lusitanos,12,0.2796098838,0.2696476965,0.2796098838,0.025,0.02,0.045,55.92197675,5.4,0,60,0,0,N/A,0,121,100,5,N/A,N/A,FAIL,FAIL,NO BET,0.2796098838,0.3246098838,0.2696476965,0.3246098838
8572070,Amiens SC vs Orléans,1X,0.3391743691,0.2864651774,0.3391743691,0.025,0.02,0.045,61.05138644,9,0,0,0,0,N/A,0,70,70,4,PASS,PASS,N/A,PASS,RIDICAT,,,,
8572070,Amiens SC vs Orléans,X2,0.3749654445,0.4270696452,0.4270696452,0.025,0.02,0.045,76.87253614,9,0,0,60,0,N/A,0,146,100,5,FAIL,FAIL,N/A,FAIL,NO BET,,,,
8572070,Amiens SC vs Orléans,12,0.2858601864,0.2864651774,0.2864651774,0.025,0.02,0.045,57.29303548,5.4,0,60,0,0,N/A,0,123,100,5,N/A,N/A,FAIL,FAIL,NO BET,0.2858601864,0.3308601864,0.2864651774,0.3308601864
8572090,Concarneau vs Caen,1X,0.3469427215,0.3089737276,0.3469427215,0.025,0.02,0.045,62.44968986,9,10,0,0,0,N/A,0,81,81,5,PRUDENT,PASS,N/A,PRUDENT,WATCH,,,,
8572090,Concarneau vs Caen,X2,0.3707557859,0.4105731966,0.4105731966,0.025,0.02,0.045,73.90317538,9,0,0,60,0,N/A,0,143,100,5,FAIL,FAIL,N/A,FAIL,NO BET,,,,
8572090,Concarneau vs Caen,12,0.2823014926,0.2804530758,0.2823014926,0.025,0.02,0.045,56.46029852,5.4,0,60,0,0,N/A,0,122,100,5,N/A,N/A,FAIL,FAIL,NO BET,0.2823014926,0.3273014926,0.2804530758,0.3273014926
8572102,Versailles vs Quevilly Rouen,1X,0.319088659,0.2130177515,0.319088659,0.025,0.02,0.045,57.43595861,9,0,0,0,0,N/A,0,66,66,4,PASS,PASS,N/A,PASS,RIDICAT,,,,
8572102,Versailles vs Quevilly Rouen,X2,0.4040940566,0.5325443787,0.5325443787,0.025,0.02,0.045,95.85798817,9,0,0,60,0,N/A,0,165,100,5,FAIL,FAIL,N/A,FAIL,NO BET,,,,
8572102,Versailles vs Quevilly Rouen,12,0.2768172844,0.2544378698,0.2768172844,0.025,0.02,0.045,55.36345688,5.4,0,60,0,0,N/A,0,121,100,5,N/A,N/A,FAIL,FAIL,NO BET,0.2768172844,0.3218172844,0.2544378698,0.3218172844
8572137,Rouen vs Aubagne,1X,0.309012266,0.1885892798,0.309012266,0.025,0.02,0.045,55.62220788,9,0,0,0,0,N/A,0,65,65,4,PASS,PASS,N/A,PASS,RIDICAT,,,,
8572137,Rouen vs Aubagne,X2,0.4172293319,0.5718513647,0.5718513647,0.025,0.02,0.045,102.9332456,9,0,0,60,0,N/A,0,172,100,5,FAIL,FAIL,N/A,FAIL,NO BET,,,,
8572137,Rouen vs Aubagne,12,0.2737584021,0.2395593555,0.2737584021,0.025,0.02,0.045,54.75168043,5.4,0,60,0,0,N/A,0,120,100,5,N/A,N/A,FAIL,FAIL,NO BET,0.2737584021,0.3187584021,0.2395593555,0.3187584021
8572185,La Roche VF vs Valenciennes,1X,0.341830002,0.3113729262,0.341830002,0.025,0.02,0.045,61.52940036,9,10,0,0,0,N/A,0,81,81,5,PRUDENT,PASS,N/A,PRUDENT,WATCH,,,,
8572185,La Roche VF vs Valenciennes,X2,0.3742629445,0.4039432556,0.4039432556,0.025,0.02,0.045,72.70978601,9,0,0,60,0,N/A,0,142,100,5,FAIL,FAIL,N/A,FAIL,NO BET,,,,
8572185,La Roche VF vs Valenciennes,12,0.2839070535,0.2846838182,0.2846838182,0.025,0.02,0.045,56.93676365,5.4,0,60,0,0,N/A,0,122,100,5,N/A,N/A,FAIL,FAIL,NO BET,0.2839070535,0.3289070535,0.2846838182,0.3289070535
8572208,Paris 13 Atletico vs Bourg-en-Bresse,1X,0.3282658138,0.2605277818,0.3282658138,0.025,0.02,0.045,59.08784648,9,0,0,0,0,N/A,0,68,68,4,PASS,PASS,N/A,PASS,RIDICAT,,,,
8572208,Paris 13 Atletico vs Bourg-en-Bresse,X2,0.383031965,0.4405059112,0.4405059112,0.025,0.02,0.045,79.29106402,9,0,0,60,0,N/A,0,148,100,5,FAIL,FAIL,N/A,FAIL,NO BET,,,,
8572208,Paris 13 Atletico vs Bourg-en-Bresse,12,0.2887022212,0.298966307,0.298966307,0.025,0.02,0.045,59.79326139,5.4,0,60,0,0,N/A,0,125,100,5,N/A,N/A,FAIL,FAIL,NO BET,0.2887022212,0.3337022212,0.298966307,0.3337022212
8572220,Le Puy F.43 Auvergne vs Villefranche,1X,,,,0.025,0.02,0.045,,9,0,0,0,0,N/A,0,,,5,INPUT,INPUT,N/A,INPUT,NO BET,,,,
8572220,Le Puy F.43 Auvergne vs Villefranche,X2,,,,0.025,0.02,0.045,,9,0,0,0,0,N/A,0,,,5,INPUT,INPUT,N/A,INPUT,NO BET,,,,
8572220,Le Puy F.43 Auvergne vs Villefranche,12,,,,0.025,0.02,0.045,,5.4,0,0,0,0,N/A,0,,,5,N/A,N/A,INPUT,INPUT,NO BET,,,,
8420259,Brommapojkarna vs IFK Göteborg,1X,0.3700707978,0.4032345013,0.4032345013,0.025,0,0.025,72.58221024,5,0,0,60,0,N/A,0,138,100,5,FAIL,FAIL,N/A,FAIL,NO BET,,,,
8420259,Brommapojkarna vs IFK Göteborg,X2,0.3918046363,0.3299191375,0.3918046363,0.025,0,0.025,70.52483454,5,10,0,0,0,N/A,0,86,86,5,PRUDENT,PASS,N/A,PRUDENT,WATCH,,,,
8420259,Brommapojkarna vs IFK Göteborg,12,0.2381245658,0.2668463612,0.2668463612,0.025,0,0.025,53.36927224,3,0,60,0,0,N/A,0,116,100,5,N/A,N/A,FAIL,FAIL,NO BET,0.2381245658,0.2631245658,0.2668463612,0.2668463612
8420360,Västerås SK vs Malmö FF,1X,0.3970076069,0.4318372483,0.4318372483,0.025,0,0.025,77.7307047,5,0,0,60,0,N/A,0,143,100,5,FAIL,FAIL,N/A,FAIL,NO BET,,,,
8420360,Västerås SK vs Malmö FF,X2,0.3528722266,0.3127097315,0.3528722266,0.025,0,0.025,63.51700079,5,10,0,0,0,N/A,0,79,79,4,PRUDENT,PASS,N/A,PRUDENT,RIDICAT,,,,
8420360,Västerås SK vs Malmö FF,12,0.2501201665,0.2554530201,0.2554530201,0.025,0,0.025,51.09060403,3,0,60,0,0,N/A,0,114,100,5,N/A,N/A,FAIL,FAIL,NO BET,0.2501201665,0.2751201665,0.2554530201,0.2751201665
8545044,Udinese vs Cagliari,1X,0.3554953538,0.2832981961,0.3554953538,0.025,0.02,0.045,63.98916368,9,0,0,0,0,N/A,0,73,73,4,PASS,PASS,N/A,PASS,RIDICAT,,,,
8545044,Udinese vs Cagliari,X2,0.3872691219,0.4255824919,0.4255824919,0.025,0.02,0.045,76.60484855,9,0,0,60,0,N/A,0,146,100,5,FAIL,FAIL,N/A,FAIL,NO BET,,,,
8545044,Udinese vs Cagliari,12,0.2572355243,0.291119312,0.291119312,0.025,0.02,0.045,58.22386239,5.4,0,60,0,0,N/A,0,124,100,5,N/A,N/A,FAIL,FAIL,NO BET,0.2572355243,0.3022355243,0.291119312,0.3022355243
8545204,Bologna vs Torino,1X,0.3386828352,0.2341530252,0.3386828352,0.025,0.02,0.045,60.96291033,9,0,0,0,0,N/A,0,70,70,4,PASS,PASS,N/A,PASS,RIDICAT,,,,
8545204,Bologna vs Torino,X2,0.4078730121,0.4903728276,0.4903728276,0.025,0.02,0.045,88.26710896,9,0,0,60,0,N/A,0,157,100,5,FAIL,FAIL,N/A,FAIL,NO BET,,,,
8545204,Bologna vs Torino,12,0.2534441527,0.2754741473,0.2754741473,0.025,0.02,0.045,55.09482945,5.4,0,60,0,0,N/A,0,120,100,5,N/A,N/A,FAIL,FAIL,NO BET,0.2534441527,0.2984441527,0.2754741473,0.2984441527
8560479,Pardubice vs Bohemians 1905,1X,0.3204982494,0.2483832335,0.3204982494,0.025,0.02,0.045,57.68968489,9,0,0,0,0,N/A,0,67,67,4,PASS,PASS,N/A,PASS,RIDICAT,,,,
8560479,Pardubice vs Bohemians 1905,X2,0.4298438056,0.4886227545,0.4886227545,0.025,0.02,0.045,87.95209581,9,0,0,60,0,N/A,0,157,100,5,FAIL,FAIL,N/A,FAIL,NO BET,,,,
8560479,Pardubice vs Bohemians 1905,12,0.249657945,0.262994012,0.262994012,0.025,0.02,0.045,52.5988024,5.4,0,60,0,0,N/A,0,118,100,5,N/A,N/A,FAIL,FAIL,NO BET,0.249657945,0.294657945,0.262994012,0.294657945
8560583,Mladá Boleslav vs Zbrojovka Brno,1X,0.3333013192,0.3114503817,0.3333013192,0.025,0.02,0.045,59.99423746,9,10,0,0,0,N/A,0,79,79,4,PRUDENT,PASS,N/A,PRUDENT,RIDICAT,,,,
8560583,Mladá Boleslav vs Zbrojovka Brno,X2,0.4173109194,0.425648855,0.425648855,0.025,0.02,0.045,76.61679389,9,0,0,60,0,N/A,0,146,100,5,FAIL,FAIL,N/A,FAIL,NO BET,,,,
8560583,Mladá Boleslav vs Zbrojovka Brno,12,0.2493877614,0.2629007634,0.2629007634,0.025,0.02,0.045,52.58015267,5.4,0,60,0,0,N/A,0,118,100,5,N/A,N/A,FAIL,FAIL,NO BET,0.2493877614,0.2943877614,0.2629007634,0.2943877614
8578088,Líšeň vs Slovan Liberec,1X,,,,0.025,0.02,0.045,,9,0,0,0,0,N/A,0,,,5,INPUT,INPUT,N/A,INPUT,NO BET,,,,
8578088,Líšeň vs Slovan Liberec,X2,,,,0.025,0.02,0.045,,9,0,0,0,0,N/A,0,,,5,INPUT,INPUT,N/A,INPUT,NO BET,,,,
8578088,Líšeň vs Slovan Liberec,12,,,,0.025,0.02,0.045,,5.4,0,0,0,0,N/A,0,,,5,N/A,N/A,INPUT,INPUT,NO BET,,,,
8614421,Palermo vs Calcio Padova,1X,0.3052577158,0.1787709497,0.3052577158,0.025,0.02,0.045,54.94638885,9,0,0,0,0,N/A,0,64,64,4,PASS,PASS,N/A,PASS,RIDICAT,,,,
8614421,Palermo vs Calcio Padova,X2,0.4371064378,0.5865921788,0.5865921788,0.025,0.02,0.045,105.5865922,9,0,0,60,0,N/A,0,175,100,5,FAIL,FAIL,N/A,FAIL,NO BET,,,,
8614421,Palermo vs Calcio Padova,12,0.2576358464,0.2346368715,0.2576358464,0.025,0.02,0.045,51.52716928,5.4,0,60,0,0,N/A,0,117,100,5,N/A,N/A,FAIL,FAIL,NO BET,0.2576358464,0.3026358464,0.2346368715,0.3026358464
8614483,Cremonese vs Virtus Entella,1X,0.331412656,0.2512241775,0.331412656,0.025,0.02,0.045,59.65427809,9,0,0,0,0,N/A,0,69,69,4,PASS,PASS,N/A,PASS,RIDICAT,,,,
8614483,Cremonese vs Virtus Entella,X2,0.3991862547,0.4671002295,0.4671002295,0.025,0.02,0.045,84.07804132,9,0,0,60,0,N/A,0,153,100,5,FAIL,FAIL,N/A,FAIL,NO BET,,,,
8614483,Cremonese vs Virtus Entella,12,0.2694010893,0.281675593,0.281675593,0.025,0.02,0.045,56.33511859,5.4,0,60,0,0,N/A,0,122,100,5,N/A,N/A,FAIL,FAIL,NO BET,0.2694010893,0.3144010893,0.281675593,0.3144010893
8614489,Carrarese vs Benevento,1X,0.3628830298,0.3890139577,0.3890139577,0.025,0.02,0.045,70.02251238,9,0,0,60,0,N/A,0,139,100,5,FAIL,FAIL,N/A,FAIL,NO BET,,,,
8614489,Carrarese vs Benevento,X2,0.3668116589,0.3313822602,0.3668116589,0.025,0.02,0.045,66.02609861,9,10,0,0,0,N/A,0,85,85,5,PRUDENT,PASS,N/A,PRUDENT,WATCH,,,,
8614489,Carrarese vs Benevento,12,0.2703053113,0.2796037821,0.2796037821,0.025,0.02,0.045,55.92075642,5.4,0,60,0,0,N/A,0,121,100,5,N/A,N/A,FAIL,FAIL,NO BET,0.2703053113,0.3153053113,0.2796037821,0.3153053113
8546364,Septemvri Sofia vs Botev Plovdiv,1X,0.3751369642,0.527831094,0.527831094,0.025,0.02,0.045,95.00959693,9,0,0,60,0,N/A,0,164,100,5,FAIL,FAIL,N/A,FAIL,NO BET,,,,
8546364,Septemvri Sofia vs Botev Plovdiv,X2,0.3703574537,0.2248423362,0.3703574537,0.025,0.02,0.045,66.66434167,9,0,0,0,0,N/A,0,76,76,4,PASS,PASS,N/A,PASS,RIDICAT,,,,
8546364,Septemvri Sofia vs Botev Plovdiv,12,0.2545055821,0.2473265698,0.2545055821,0.025,0.02,0.045,50.90111643,5.4,0,60,0,0,N/A,0,116,100,5,N/A,N/A,FAIL,FAIL,NO BET,0.2545055821,0.2995055821,0.2473265698,0.2995055821
8571624,Voitsberg vs Austria Salzburg,1X,0.316840422,0.2921348315,0.316840422,0.025,0.02,0.045,57.03127595,9,0,0,0,0,N/A,0,66,66,4,PASS,PASS,N/A,PASS,RIDICAT,,,,
8571624,Voitsberg vs Austria Salzburg,X2,0.4410493916,0.4382022472,0.4410493916,0.025,0.02,0.045,79.38889049,9,0,0,60,0,N/A,0,148,100,5,FAIL,FAIL,N/A,FAIL,NO BET,,,,
8571624,Voitsberg vs Austria Salzburg,12,0.2421101864,0.2696629213,0.2696629213,0.025,0.02,0.045,53.93258427,5.4,0,60,0,0,N/A,0,119,100,5,N/A,N/A,FAIL,FAIL,NO BET,0.2421101864,0.2871101864,0.2696629213,0.2871101864
8571853,Sturm Graz II vs Wacker Innsbruck,1X,0.3536663448,0.4574257426,0.4574257426,0.025,0.02,0.045,82.33663366,9,0,0,60,0,N/A,0,151,100,5,FAIL,FAIL,N/A,FAIL,NO BET,,,,
8571853,Sturm Graz II vs Wacker Innsbruck,X2,0.4135149405,0.304950495,0.4135149405,0.025,0.02,0.045,74.43268929,9,10,0,0,0,N/A,0,93,93,5,PRUDENT,PASS,N/A,PRUDENT,WATCH,,,,
8571853,Sturm Graz II vs Wacker Innsbruck,12,0.2328187147,0.2376237624,0.2376237624,0.025,0.02,0.045,47.52475248,5.4,0,60,0,0,N/A,0,113,100,5,N/A,N/A,FAIL,FAIL,NO BET,0.2328187147,0.2778187147,0.2376237624,0.2778187147
8572293,Eintracht Frankfurt vs Freiburg,1X,0.3325710847,0.3455528846,0.3455528846,0.025,0.02,0.045,62.19951923,9,10,0,0,0,N/A,0,81,81,5,PRUDENT,PASS,N/A,PRUDENT,WATCH,,,,
8572293,Eintracht Frankfurt vs Freiburg,X2,0.4539623491,0.4056490385,0.4539623491,0.025,0.02,0.045,81.71322283,9,0,0,60,0,N/A,0,151,100,5,FAIL,FAIL,N/A,FAIL,NO BET,,,,
8572293,Eintracht Frankfurt vs Freiburg,12,0.2134665662,0.2487980769,0.2487980769,0.025,0.02,0.045,49.75961538,5.4,0,35,0,0,N/A,0,90,90,5,N/A,N/A,WATCH,WATCH,WATCH,0.2134665662,0.2584665662,0.2487980769,0.2584665662
8572463,Borussia M'gladbach vs Mainz 05,1X,0.3550519348,0.4205534217,0.4205534217,0.025,0.02,0.045,75.6996159,9,0,0,60,0,N/A,0,145,100,5,FAIL,FAIL,N/A,FAIL,NO BET,,,,
8572463,Borussia M'gladbach vs Mainz 05,X2,0.4302721434,0.3248412636,0.4302721434,0.025,0.02,0.045,77.44898581,9,10,0,0,0,N/A,0,96,96,5,PRUDENT,PASS,N/A,PRUDENT,WATCH,,,,
8572463,Borussia M'gladbach vs Mainz 05,12,0.2146759218,0.2546053147,0.2546053147,0.025,0.02,0.045,50.92106295,5.4,0,35,0,0,N/A,0,91,91,5,N/A,N/A,WATCH,WATCH,WATCH,0.2146759218,0.2596759218,0.2546053147,0.2596759218
8572520,Werder Bremen vs Augsburg,1X,0.3277753227,0.3360463296,0.3360463296,0.025,0.02,0.045,60.48833933,9,10,0,0,0,N/A,0,79,79,4,PRUDENT,PASS,N/A,PRUDENT,RIDICAT,,,,
8572520,Werder Bremen vs Augsburg,X2,0.4596914202,0.4163405854,0.4596914202,0.025,0.02,0.045,82.74445564,9,0,0,60,0,N/A,0,152,100,5,FAIL,FAIL,N/A,FAIL,NO BET,,,,
8572520,Werder Bremen vs Augsburg,12,0.2125332571,0.247613085,0.247613085,0.025,0.02,0.045,49.522617,5.4,0,35,0,0,N/A,0,90,90,5,N/A,N/A,WATCH,WATCH,WATCH,0.2125332571,0.2575332571,0.247613085,0.2575332571
8572526,Hamburger SV vs Köln,1X,0.3411857884,0.3823112156,0.3823112156,0.025,0.02,0.045,68.81601881,9,10,0,60,0,N/A,0,148,100,5,FAIL,PRUDENT,N/A,FAIL,NO BET,,,,
8572526,Hamburger SV vs Köln,X2,0.442923346,0.3575047627,0.442923346,0.025,0.02,0.045,79.72620229,9,0,0,60,0,N/A,0,149,100,5,FAIL,PASS,N/A,FAIL,NO BET,,,,
8572526,Hamburger SV vs Köln,12,0.2158908655,0.2601840217,0.2601840217,0.025,0.02,0.045,52.03680435,5.4,0,60,0,0,N/A,0,117,100,5,N/A,N/A,FAIL,FAIL,NO BET,0.2158908655,0.2608908655,0.2601840217,0.2608908655
8411810,Kristiansund vs Rosenborg,1X,0.4347655574,0.6157275249,0.6157275249,0.025,0,0.025,110.8309545,5,0,0,60,0,N/A,0,176,100,5,FAIL,FAIL,N/A,FAIL,NO BET,,,,
8411810,Kristiansund vs Rosenborg,X2,0.3311155527,0.1772374558,0.3311155527,0.025,0,0.025,59.60079948,5,0,0,0,0,N/A,0,65,65,4,PASS,PASS,N/A,PASS,RIDICAT,,,,
8411810,Kristiansund vs Rosenborg,12,0.2341188899,0.2070350193,0.2341188899,0.025,0,0.025,46.82377797,3,0,35,0,0,N/A,0,85,85,5,N/A,N/A,WATCH,WATCH,WATCH,0.2341188899,0.2591188899,0.2070350193,0.2591188899
8557803,Brighton & Hove Albion vs Arsenal,1X,0.4037358108,0.5435646397,0.5435646397,0.025,0.02,0.045,97.84163514,9,0,0,60,0,N/A,0,167,100,5,FAIL,FAIL,N/A,FAIL,NO BET,,,,
8557803,Brighton & Hove Albion vs Arsenal,X2,0.3466384274,0.2089704059,0.3466384274,0.025,0.02,0.045,62.39491694,9,0,0,0,0,N/A,0,71,71,4,PASS,PASS,N/A,PASS,RIDICAT,,,,
8557803,Brighton & Hove Albion vs Arsenal,12,0.2496257618,0.2474649544,0.2496257618,0.025,0.02,0.045,49.92515236,5.4,0,60,0,0,N/A,0,115,100,5,N/A,N/A,FAIL,FAIL,NO BET,0.2496257618,0.2946257618,0.2474649544,0.2946257618
8557841,Everton vs Ipswich Town,1X,0.3192125782,0.215305834,0.3192125782,0.025,0.02,0.045,57.45826408,9,0,0,0,0,N/A,0,66,66,4,PASS,PASS,N/A,PASS,RIDICAT,,,,
8557841,Everton vs Ipswich Town,X2,0.4319531987,0.5327281494,0.5327281494,0.025,0.02,0.045,95.89106689,9,0,0,60,0,N/A,0,165,100,5,FAIL,FAIL,N/A,FAIL,NO BET,,,,
8557841,Everton vs Ipswich Town,12,0.2488342231,0.2519660166,0.2519660166,0.025,0.02,0.045,50.39320332,5.4,0,60,0,0,N/A,0,116,100,5,N/A,N/A,FAIL,FAIL,NO BET,0.2488342231,0.2938342231,0.2519660166,0.2938342231
8557996,Newcastle United vs Hull City,1X,0.3200770293,0.1881298992,0.3200770293,0.025,0.02,0.045,57.61386527,9,0,0,0,0,N/A,0,67,67,4,PASS,PASS,N/A,PASS,RIDICAT,,,,
8557996,Newcastle United vs Hull City,X2,0.4366755018,0.5879059351,0.5879059351,0.025,0.02,0.045,105.8230683,9,0,0,60,0,N/A,0,175,100,5,FAIL,FAIL,N/A,FAIL,NO BET,,,,
8557996,Newcastle United vs Hull City,12,0.243247469,0.2239641657,0.243247469,0.025,0.02,0.045,48.64949379,5.4,0,60,0,0,N/A,0,114,100,5,N/A,N/A,FAIL,FAIL,NO BET,0.243247469,0.288247469,0.2239641657,0.288247469
8558393,St. Mirren vs Dundee United,1X,0.3705885387,0.3430582901,0.3705885387,0.025,0.02,0.045,66.70593697,9,10,0,0,0,N/A,0,86,86,5,PRUDENT,PASS,N/A,PRUDENT,WATCH,,,,
8558393,St. Mirren vs Dundee United,X2,0.372062236,0.4071952747,0.4071952747,0.025,0.02,0.045,73.29514945,9,0,0,60,0,N/A,0,142,100,5,FAIL,FAIL,N/A,FAIL,NO BET,,,,
8558393,St. Mirren vs Dundee United,12,0.2573492252,0.2497464352,0.2573492252,0.025,0.02,0.045,51.46984505,5.4,0,60,0,0,N/A,0,117,100,5,N/A,N/A,FAIL,FAIL,NO BET,0.2573492252,0.3023492252,0.2497464352,0.3023492252
8558396,Dundee vs Motherwell,1X,0.3931690203,0.4210526316,0.4210526316,0.025,0.02,0.045,75.78947368,9,0,0,60,0,N/A,0,145,100,5,FAIL,FAIL,N/A,FAIL,NO BET,,,,
8558396,Dundee vs Motherwell,X2,0.3452866527,0.3157894737,0.3452866527,0.025,0.02,0.045,62.15159749,9,10,0,0,0,N/A,0,81,81,5,PRUDENT,PASS,N/A,PRUDENT,WATCH,,,,
8558396,Dundee vs Motherwell,12,0.261544327,0.2631578947,0.2631578947,0.025,0.02,0.045,52.63157895,5.4,0,60,0,0,N/A,0,118,100,5,N/A,N/A,FAIL,FAIL,NO BET,0.261544327,0.306544327,0.2631578947,0.306544327
8558399,Hibernian vs Aberdeen,1X,0.3401079927,0.2167717808,0.3401079927,0.025,0.02,0.045,61.21943868,9,0,0,0,0,N/A,0,70,70,4,PASS,PASS,N/A,PASS,RIDICAT,,,,
8558399,Hibernian vs Aberdeen,X2,0.4038753866,0.54255596,0.54255596,0.025,0.02,0.045,97.6600728,9,0,0,60,0,N/A,0,167,100,5,FAIL,FAIL,N/A,FAIL,NO BET,,,,
8558399,Hibernian vs Aberdeen,12,0.2560166207,0.2406722592,0.2560166207,0.025,0.02,0.045,51.20332414,5.4,0,60,0,0,N/A,0,117,100,5,N/A,N/A,FAIL,FAIL,NO BET,0.2560166207,0.3010166207,0.2406722592,0.3010166207
8558485,St. Johnstone vs Falkirk,1X,0.3546911252,0.2804044008,0.3546911252,0.025,0.02,0.045,63.84440254,9,0,0,0,0,N/A,0,73,73,4,PASS,PASS,N/A,PASS,RIDICAT,,,,
8558485,St. Johnstone vs Falkirk,X2,0.3814899865,0.451382694,0.451382694,0.025,0.02,0.045,81.24888492,9,0,0,60,0,N/A,0,150,100,5,FAIL,FAIL,N/A,FAIL,NO BET,,,,
8558485,St. Johnstone vs Falkirk,12,0.2638188883,0.2682129051,0.2682129051,0.025,0.02,0.045,53.64258103,5.4,0,60,0,0,N/A,0,119,100,5,N/A,N/A,FAIL,FAIL,NO BET,0.2638188883,0.3088188883,0.2682129051,0.3088188883
8562315,OH Leuven vs RAAL La Louvière,1X,,,,0.025,0.02,0.045,,9,0,0,0,0,N/A,0,,,5,INPUT,INPUT,N/A,INPUT,NO BET,,,,
8562315,OH Leuven vs RAAL La Louvière,X2,,,,0.025,0.02,0.045,,9,0,0,0,0,N/A,0,,,5,INPUT,INPUT,N/A,INPUT,NO BET,,,,
8562315,OH Leuven vs RAAL La Louvière,12,,,,0.025,0.02,0.045,,5.4,0,0,0,0,N/A,0,,,5,N/A,N/A,INPUT,INPUT,NO BET,,,,
8566220,Queens Park Rangers vs Preston North End,1X,0.2895633355,0.2115884421,0.2895633355,0.025,0.02,0.045,52.1214004,9,0,0,0,0,N/A,0,61,61,4,PASS,PASS,N/A,PASS,RIDICAT,,,,
8566220,Queens Park Rangers vs Preston North End,X2,0.4651080747,0.5503745605,0.5503745605,0.025,0.02,0.045,99.06742088,9,0,0,60,0,N/A,0,168,100,5,FAIL,FAIL,N/A,FAIL,NO BET,,,,
8566220,Queens Park Rangers vs Preston North End,12,0.2453285898,0.2380369974,0.2453285898,0.025,0.02,0.045,49.06571795,5.4,0,60,0,0,N/A,0,114,100,5,N/A,N/A,FAIL,FAIL,NO BET,0.2453285898,0.2903285898,0.2380369974,0.2903285898
8566378,Birmingham City vs Middlesbrough,1X,0.3424876127,0.4064516129,0.4064516129,0.025,0.02,0.045,73.16129032,9,0,0,60,0,N/A,0,142,100,5,FAIL,FAIL,N/A,FAIL,NO BET,,,,
8566378,Birmingham City vs Middlesbrough,X2,0.4070537941,0.3338709677,0.4070537941,0.025,0.02,0.045,73.26968294,9,10,0,0,0,N/A,0,92,92,5,PRUDENT,PASS,N/A,PRUDENT,WATCH,,,,
8566378,Birmingham City vs Middlesbrough,12,0.2504585932,0.2596774194,0.2596774194,0.025,0.02,0.045,51.93548387,5.4,0,60,0,0,N/A,0,117,100,5,N/A,N/A,FAIL,FAIL,NO BET,0.2504585932,0.2954585932,0.2596774194,0.2954585932
8566442,Lincoln City vs Swansea City,1X,0.3386042698,0.3852691218,0.3852691218,0.025,0.02,0.045,69.34844193,9,10,0,60,0,N/A,0,148,100,5,FAIL,PRUDENT,N/A,FAIL,NO BET,,,,
8566442,Lincoln City vs Swansea City,X2,0.405939371,0.3371104816,0.405939371,0.025,0.02,0.045,73.06908677,9,10,0,0,0,N/A,0,92,92,5,PRUDENT,PASS,N/A,PRUDENT,WATCH,,,,
8566442,Lincoln City vs Swansea City,12,0.2554563593,0.2776203966,0.2776203966,0.025,0.02,0.045,55.52407932,5.4,0,60,0,0,N/A,0,121,100,5,N/A,N/A,FAIL,FAIL,NO BET,0.2554563593,0.3004563593,0.2776203966,0.3004563593
8566656,Wrexham vs Southampton,1X,0.3477574674,0.4265402844,0.4265402844,0.025,0.02,0.045,76.77725118,9,0,0,60,0,N/A,0,146,100,5,FAIL,FAIL,N/A,FAIL,NO BET,,,,
8566656,Wrexham vs Southampton,X2,0.4014366624,0.3127962085,0.4014366624,0.025,0.02,0.045,72.25859923,9,10,0,0,0,N/A,0,91,91,5,PRUDENT,PASS,N/A,PRUDENT,WATCH,,,,
8566656,Wrexham vs Southampton,12,0.2508058702,0.2606635071,0.2606635071,0.025,0.02,0.045,52.13270142,5.4,0,60,0,0,N/A,0,118,100,5,N/A,N/A,FAIL,FAIL,NO BET,0.2508058702,0.2958058702,0.2606635071,0.2958058702
8566661,Burnley vs Derby County,1X,0.2958692515,0.2276245287,0.2958692515,0.025,0.02,0.045,53.25646526,9,0,0,0,0,N/A,0,62,62,4,PASS,PASS,N/A,PASS,RIDICAT,,,,
8566661,Burnley vs Derby County,X2,0.4541783409,0.5139908712,0.5139908712,0.025,0.02,0.045,92.51835682,9,0,0,60,0,N/A,0,162,100,5,FAIL,FAIL,N/A,FAIL,NO BET,,,,
8566661,Burnley vs Derby County,12,0.2499524076,0.2583846001,0.2583846001,0.025,0.02,0.045,51.67692002,5.4,0,60,0,0,N/A,0,117,100,5,N/A,N/A,FAIL,FAIL,NO BET,0.2499524076,0.2949524076,0.2583846001,0.2949524076
8566682,Portsmouth vs Blackburn Rovers,1X,0.3109765881,0.2852682927,0.3109765881,0.025,0.02,0.045,55.97578586,9,0,0,0,0,N/A,0,65,65,4,PASS,PASS,N/A,PASS,RIDICAT,,,,
8566682,Portsmouth vs Blackburn Rovers,X2,0.4341522901,0.4378536585,0.4378536585,0.025,0.02,0.045,78.81365854,9,0,0,60,0,N/A,0,148,100,5,FAIL,FAIL,N/A,FAIL,NO BET,,,,
8566682,Portsmouth vs Blackburn Rovers,12,0.2548711218,0.2768780488,0.2768780488,0.025,0.02,0.045,55.37560976,5.4,0,60,0,0,N/A,0,121,100,5,N/A,N/A,FAIL,FAIL,NO BET,0.2548711218,0.2998711218,0.2768780488,0.2998711218
8583488,Kocaelispor vs Gaziantep FK,1X,0.3192100166,0.2798289934,0.3192100166,0.025,0.02,0.045,57.45780298,9,0,0,0,0,N/A,0,66,66,4,PASS,PASS,N/A,PASS,RIDICAT,,,,
8583488,Kocaelispor vs Gaziantep FK,X2,0.4201129019,0.4228527011,0.4228527011,0.025,0.02,0.045,76.1134862,9,0,0,60,0,N/A,0,145,100,5,FAIL,FAIL,N/A,FAIL,NO BET,,,,
8583488,Kocaelispor vs Gaziantep FK,12,0.2606770815,0.2973183055,0.2973183055,0.025,0.02,0.045,59.4636611,5.4,0,60,0,0,N/A,0,125,100,5,N/A,N/A,FAIL,FAIL,NO BET,0.2606770815,0.3056770815,0.2973183055,0.3056770815
8583537,Çorum Belediyespor vs Alanyaspor,1X,0.3131648873,0.2716870035,0.3131648873,0.025,0.02,0.045,56.36967972,9,0,0,0,0,N/A,0,65,65,4,PASS,PASS,N/A,PASS,RIDICAT,,,,
8583537,Çorum Belediyespor vs Alanyaspor,X2,0.428880068,0.4404058733,0.4404058733,0.025,0.02,0.045,79.2730572,9,0,0,60,0,N/A,0,148,100,5,FAIL,FAIL,N/A,FAIL,NO BET,,,,
8583537,Çorum Belediyespor vs Alanyaspor,12,0.2579550446,0.2879071232,0.2879071232,0.025,0.02,0.045,57.58142463,5.4,0,60,0,0,N/A,0,123,100,5,N/A,N/A,FAIL,FAIL,NO BET,0.2579550446,0.3029550446,0.2879071232,0.3029550446
8697515,BSK Banja Luka vs Radnik Bijeljina,1X,0.2795815117,0.2804532578,0.2804532578,0.025,0.02,0.045,50.4815864,9,0,0,0,0,N/A,0,59,59,3,PASS,PASS,N/A,PASS,MODERAT,,,,
8697515,BSK Banja Luka vs Radnik Bijeljina,X2,0.4453221492,0.4079320113,0.4453221492,0.025,0.02,0.045,80.15798686,9,0,0,60,0,N/A,0,149,100,5,FAIL,FAIL,N/A,FAIL,NO BET,,,,
8697515,BSK Banja Luka vs Radnik Bijeljina,12,0.275096339,0.3116147309,0.3116147309,0.025,0.02,0.045,62.32294618,5.4,0,60,0,0,N/A,0,128,100,5,N/A,N/A,FAIL,FAIL,NO BET,0.275096339,0.320096339,0.3116147309,0.320096339
8710036,VPS vs KuPS,1X,0.4035053364,0.4133784292,0.4133784292,0.025,0,0.025,74.40811725,5,0,0,60,0,N/A,0,139,100,5,FAIL,FAIL,N/A,FAIL,NO BET,,,,
8710036,VPS vs KuPS,X2,0.3325230759,0.3072779657,0.3325230759,0.025,0,0.025,59.85415365,5,10,0,0,0,N/A,0,75,75,4,PRUDENT,PASS,N/A,PRUDENT,RIDICAT,,,,
8710036,VPS vs KuPS,12,0.2639715878,0.2793436052,0.2793436052,0.025,0,0.025,55.86872103,3,0,60,0,0,N/A,0,119,100,5,N/A,N/A,FAIL,FAIL,NO BET,0.2639715878,0.2889715878,0.2793436052,0.2889715878
8711552,KR vs Víkingur Reykjavík,1X,0.4206887184,0.4438124943,0.4438124943,0.025,0,0.025,79.88624897,5,0,0,60,0,N/A,0,145,100,5,FAIL,FAIL,N/A,FAIL,NO BET,,,,
8711552,KR vs Víkingur Reykjavík,X2,0.3720747157,0.3234565636,0.3720747157,0.025,0,0.025,66.97344882,5,10,0,0,0,N/A,0,82,82,5,PRUDENT,PASS,N/A,PRUDENT,WATCH,,,,
8711552,KR vs Víkingur Reykjavík,12,0.2072365659,0.2327309421,0.2327309421,0.025,0,0.025,46.54618842,3,0,35,0,0,N/A,0,85,85,5,N/A,N/A,WATCH,WATCH,WATCH,0.2072365659,0.2322365659,0.2327309421,0.2327309421
8570452,Athletic Club Bilbao vs Deportivo Alavés,1X,0.2878789813,0.1882404563,0.2878789813,0.025,0.02,0.045,51.81821664,9,0,0,0,0,N/A,0,61,61,4,PASS,PASS,N/A,PASS,RIDICAT,,,,
8570452,Athletic Club Bilbao vs Deportivo Alavés,X2,0.4727306436,0.5704256253,0.5704256253,0.025,0.02,0.045,102.6766125,9,0,0,60,0,N/A,0,172,100,5,FAIL,FAIL,N/A,FAIL,NO BET,,,,
8570452,Athletic Club Bilbao vs Deportivo Alavés,12,0.239390375,0.2413339184,0.2413339184,0.025,0.02,0.045,48.26678368,5.4,0,60,0,0,N/A,0,114,100,5,N/A,N/A,FAIL,FAIL,NO BET,0.239390375,0.284390375,0.2413339184,0.284390375
8584400,FC Andorra vs Sporting Gijón,1X,0.3216433479,0.2697095436,0.3216433479,0.025,0.02,0.045,57.89580262,9,0,0,0,0,N/A,0,67,67,4,PASS,PASS,N/A,PASS,RIDICAT,,,,
8584400,FC Andorra vs Sporting Gijón,X2,0.4020620587,0.4564315353,0.4564315353,0.025,0.02,0.045,82.15767635,9,0,0,60,0,N/A,0,151,100,5,FAIL,FAIL,N/A,FAIL,NO BET,,,,
8584400,FC Andorra vs Sporting Gijón,12,0.2762945934,0.2738589212,0.2762945934,0.025,0.02,0.045,55.25891868,5.4,0,60,0,0,N/A,0,121,100,5,N/A,N/A,FAIL,FAIL,NO BET,0.2762945934,0.3212945934,0.2738589212,0.3212945934
8547612,ADO Den Haag vs Cambuur,1X,0.4033618847,0.231416692,0.4033618847,0.025,0.02,0.045,72.60513925,9,0,0,0,0,N/A,0,82,82,5,PASS,PASS,N/A,PASS,WATCH,,,,
8547612,ADO Den Haag vs Cambuur,X2,0.3889516775,0.5536963797,0.5536963797,0.025,0.02,0.045,99.66534834,9,0,0,60,0,N/A,0,169,100,5,FAIL,FAIL,N/A,FAIL,NO BET,,,,
8547612,ADO Den Haag vs Cambuur,12,0.2076864377,0.2148869283,0.2148869283,0.025,0.02,0.045,42.97738566,5.4,0,35,0,0,N/A,0,83,83,5,N/A,N/A,WATCH,WATCH,WATCH,0.2076864377,0.2526864377,0.2148869283,0.2526864377
8550076,Vitesse vs PSV II,1X,0.323728513,0.1972939229,0.323728513,0.025,0.02,0.045,58.27113235,9,0,0,0,0,N/A,0,67,67,4,PASS,PASS,N/A,PASS,RIDICAT,,,,
8550076,Vitesse vs PSV II,X2,0.4668201914,0.6010278447,0.6010278447,0.025,0.02,0.045,108.185012,9,0,0,60,0,N/A,0,177,100,5,FAIL,FAIL,N/A,FAIL,NO BET,,,,
8550076,Vitesse vs PSV II,12,0.2094512956,0.2016782323,0.2094512956,0.025,0.02,0.045,41.89025912,5.4,0,35,0,0,N/A,0,82,82,5,N/A,N/A,WATCH,WATCH,WATCH,0.2094512956,0.2544512956,0.2016782323,0.2544512956
8574337,CD Nacional vs Famalicão,1X,0.397573979,0.4593563208,0.4593563208,0.025,0.02,0.045,82.68413774,9,0,0,60,0,N/A,0,152,100,5,FAIL,FAIL,N/A,FAIL,NO BET,,,,
8574337,CD Nacional vs Famalicão,X2,0.3410195366,0.2587034224,0.3410195366,0.025,0.02,0.045,61.38351658,9,0,0,0,0,N/A,0,70,70,4,PASS,PASS,N/A,PASS,RIDICAT,,,,
8574337,CD Nacional vs Famalicão,12,0.2614064844,0.2819402568,0.2819402568,0.025,0.02,0.045,56.38805136,5.4,0,60,0,0,N/A,0,122,100,5,N/A,N/A,FAIL,FAIL,NO BET,0.2614064844,0.3064064844,0.2819402568,0.3064064844
8574412,Gil Vicente vs CS Marítimo,1X,0.3372489471,0.2395652636,0.3372489471,0.025,0.02,0.045,60.70481047,9,0,0,0,0,N/A,0,70,70,4,PASS,PASS,N/A,PASS,RIDICAT,,,,
8574412,Gil Vicente vs CS Marítimo,X2,0.3998856452,0.4743866605,0.4743866605,0.025,0.02,0.045,85.3895989,9,0,0,60,0,N/A,0,154,100,5,FAIL,FAIL,N/A,FAIL,NO BET,,,,
8574412,Gil Vicente vs CS Marítimo,12,0.2628654077,0.2860480759,0.2860480759,0.025,0.02,0.045,57.20961518,5.4,0,60,0,0,N/A,0,123,100,5,N/A,N/A,FAIL,FAIL,NO BET,0.2628654077,0.3078654077,0.2860480759,0.3078654077
8579597,CFR Cluj vs Botoşani,1X,0.2498990682,0.275862069,0.275862069,0.025,0.02,0.045,49.65517241,9,0,0,0,0,N/A,0,59,59,3,PASS,PASS,N/A,PASS,MODERAT,,,,
8579597,CFR Cluj vs Botoşani,X2,0.4959789124,0.4482758621,0.4959789124,0.025,0.02,0.045,89.27620423,9,0,0,60,0,N/A,0,158,100,5,FAIL,FAIL,N/A,FAIL,NO BET,,,,
8579597,CFR Cluj vs Botoşani,12,0.2541220194,0.275862069,0.275862069,0.025,0.02,0.045,55.17241379,5.4,0,60,0,0,N/A,0,121,100,5,N/A,N/A,FAIL,FAIL,NO BET,0.2541220194,0.2991220194,0.275862069,0.2991220194
8546294,Varaždin vs Osijek,1X,0.2842223813,0.2692140686,0.2842223813,0.025,0.02,0.045,51.16002863,9,0,0,0,0,N/A,0,60,60,3,PASS,PASS,N/A,PASS,MODERAT,,,,
8546294,Varaždin vs Osijek,X2,0.4793088509,0.4442032132,0.4793088509,0.025,0.02,0.045,86.27559317,9,0,0,60,0,N/A,0,155,100,5,FAIL,FAIL,N/A,FAIL,NO BET,,,,
8546294,Varaždin vs Osijek,12,0.2364687678,0.2865827182,0.2865827182,0.025,0.02,0.045,57.31654364,5.4,0,60,0,0,N/A,0,123,100,5,N/A,N/A,FAIL,FAIL,NO BET,0.2364687678,0.2814687678,0.2865827182,0.2865827182
8551675,Novi Pazar vs Zemun,1X,0.2201253724,0.1415594247,0.2201253724,0.025,0.02,0.045,39.62256703,9,0,0,0,0,N/A,0,49,49,3,PASS,PASS,N/A,PASS,MODERAT,,,,
8551675,Novi Pazar vs Zemun,X2,0.5414652185,0.6557532173,0.6557532173,0.025,0.02,0.045,118.0355791,9,0,0,60,0,N/A,0,187,100,5,FAIL,FAIL,N/A,FAIL,NO BET,,,,
8551675,Novi Pazar vs Zemun,12,0.2384094091,0.2026873581,0.2384094091,0.025,0.02,0.045,47.68188182,5.4,0,60,0,0,N/A,0,113,100,5,N/A,N/A,FAIL,FAIL,NO BET,0.2384094091,0.2834094091,0.2026873581,0.2834094091
8551676,Vojvodina vs IMT Novi Beograd,1X,0.2356807885,0.1855004403,0.2356807885,0.025,0.02,0.045,42.42254193,9,0,0,0,0,N/A,0,51,51,3,PASS,PASS,N/A,PASS,MODERAT,,,,
8551676,Vojvodina vs IMT Novi Beograd,X2,0.5165826021,0.5796888758,0.5796888758,0.025,0.02,0.045,104.3439977,9,0,0,60,0,N/A,0,173,100,5,FAIL,FAIL,N/A,FAIL,NO BET,,,,
8551676,Vojvodina vs IMT Novi Beograd,12,0.2477366094,0.2348106839,0.2477366094,0.025,0.02,0.045,49.54732189,5.4,0,60,0,0,N/A,0,115,100,5,N/A,N/A,FAIL,FAIL,NO BET,0.2477366094,0.2927366094,0.2348106839,0.2927366094
8561286,Várda SE vs Paksi SE,1X,,,,0.025,0.02,0.045,,9,0,0,0,0,N/A,0,,,5,INPUT,INPUT,N/A,INPUT,NO BET,,,,
8561286,Várda SE vs Paksi SE,X2,,,,0.025,0.02,0.045,,9,0,0,0,0,N/A,0,,,5,INPUT,INPUT,N/A,INPUT,NO BET,,,,
8561286,Várda SE vs Paksi SE,12,,,,0.025,0.02,0.045,,5.4,0,0,0,0,N/A,0,,,5,N/A,N/A,INPUT,INPUT,NO BET,,,,
8565849,Austria Lustenau vs Rheindorf Altach,1X,0.334930281,0.4133303512,0.4133303512,0.025,0.02,0.045,74.39946321,9,0,0,60,0,N/A,0,143,100,5,FAIL,FAIL,N/A,FAIL,NO BET,,,,
8565849,Austria Lustenau vs Rheindorf Altach,X2,0.4166976736,0.3173786625,0.4166976736,0.025,0.02,0.045,75.00558125,9,10,0,0,0,N/A,0,94,94,5,PRUDENT,PASS,N/A,PRUDENT,WATCH,,,,
8565849,Austria Lustenau vs Rheindorf Altach,12,0.2483720454,0.2692909864,0.2692909864,0.025,0.02,0.045,53.85819727,5.4,0,60,0,0,N/A,0,119,100,5,N/A,N/A,FAIL,FAIL,NO BET,0.2483720454,0.2933720454,0.2692909864,0.2933720454
8577307,BKMA vs Sardarapat,1X,0.3615530581,0.4284661314,0.4284661314,0.025,0.02,0.045,77.12390365,9,0,0,60,0,N/A,0,146,100,5,FAIL,FAIL,N/A,FAIL,NO BET,,,,
8577307,BKMA vs Sardarapat,X2,0.3808546754,0.2916919266,0.3808546754,0.025,0.02,0.045,68.55384157,9,0,0,0,0,N/A,0,78,78,4,PASS,PASS,N/A,PASS,RIDICAT,,,,
8577307,BKMA vs Sardarapat,12,0.2575922665,0.2798419421,0.2798419421,0.025,0.02,0.045,55.96838841,5.4,0,60,0,0,N/A,0,121,100,5,N/A,N/A,FAIL,FAIL,NO BET,0.2575922665,0.3025922665,0.2798419421,0.3025922665
8548624,Paris vs Strasbourg,1X,0.3409162271,0.2795282845,0.3409162271,0.025,0.02,0.045,61.36492088,9,0,0,0,0,N/A,0,70,70,4,PASS,PASS,N/A,PASS,RIDICAT,,,,
8548624,Paris vs Strasbourg,X2,0.4052286846,0.4636078865,0.4636078865,0.025,0.02,0.045,83.44941957,9,0,0,60,0,N/A,0,152,100,5,FAIL,FAIL,N/A,FAIL,NO BET,,,,
8548624,Paris vs Strasbourg,12,0.2538550883,0.256863829,0.256863829,0.025,0.02,0.045,51.3727658,5.4,0,60,0,0,N/A,0,117,100,5,N/A,N/A,FAIL,FAIL,NO BET,0.2538550883,0.2988550883,0.256863829,0.2988550883
8614480,Sampdoria vs Catanzaro,1X,0.3304180059,0.2700116508,0.3304180059,0.025,0.02,0.045,59.47524105,9,0,0,0,0,N/A,0,68,68,4,PASS,PASS,N/A,PASS,RIDICAT,,,,
8614480,Sampdoria vs Catanzaro,X2,0.4009141726,0.4478866245,0.4478866245,0.025,0.02,0.045,80.61959241,9,0,0,60,0,N/A,0,150,100,5,FAIL,FAIL,N/A,FAIL,NO BET,,,,
8614480,Sampdoria vs Catanzaro,12,0.2686678215,0.2821017247,0.2821017247,0.025,0.02,0.045,56.42034494,5.4,0,60,0,0,N/A,0,122,100,5,N/A,N/A,FAIL,FAIL,NO BET,0.2686678215,0.3136678215,0.2821017247,0.3136678215
8420264,Örgryte vs Sirius,1X,0.5507791826,0.6274153217,0.6274153217,0.025,0,0.025,112.9347579,5,0,0,60,0,N/A,0,178,100,5,FAIL,FAIL,N/A,FAIL,NO BET,,,,
8420264,Örgryte vs Sirius,X2,0.236116582,0.169356672,0.236116582,0.025,0,0.025,42.50098477,5,0,0,0,0,N/A,0,48,48,3,PASS,PASS,N/A,PASS,MODERAT,,,,
8420264,Örgryte vs Sirius,12,0.2131042353,0.2032280064,0.2131042353,0.025,0,0.025,42.62084707,3,0,35,0,0,N/A,0,81,81,5,N/A,N/A,WATCH,WATCH,WATCH,0.2131042353,0.2381042353,0.2032280064,0.2381042353
8550468,GKS Katowice vs Cracovia Kraków,1X,0.3217451398,0.3309734513,0.3309734513,0.025,0.02,0.045,59.57522124,9,10,0,0,0,N/A,0,79,79,4,PRUDENT,PASS,N/A,PRUDENT,RIDICAT,,,,
8550468,GKS Katowice vs Cracovia Kraków,X2,0.4290083303,0.4061946903,0.4290083303,0.025,0.02,0.045,77.22149946,9,0,0,60,0,N/A,0,146,100,5,FAIL,FAIL,N/A,FAIL,NO BET,,,,
8550468,GKS Katowice vs Cracovia Kraków,12,0.2492465299,0.2628318584,0.2628318584,0.025,0.02,0.045,52.56637168,5.4,0,60,0,0,N/A,0,118,100,5,N/A,N/A,FAIL,FAIL,NO BET,0.2492465299,0.2942465299,0.2628318584,0.2942465299
8559062,Koper vs Nafta,1X,0.3563614192,0.2015321155,0.3563614192,0.025,0.02,0.045,64.14505545,9,0,0,0,0,N/A,0,73,73,4,PASS,PASS,N/A,PASS,RIDICAT,,,,
8559062,Koper vs Nafta,X2,0.3943770944,0.5598114319,0.5598114319,0.025,0.02,0.045,100.7660577,9,0,0,60,0,N/A,0,170,100,5,FAIL,FAIL,N/A,FAIL,NO BET,,,,
8559062,Koper vs Nafta,12,0.2492614864,0.2386564526,0.2492614864,0.025,0.02,0.045,49.85229728,5.4,0,60,0,0,N/A,0,115,100,5,N/A,N/A,FAIL,FAIL,NO BET,0.2492614864,0.2942614864,0.2386564526,0.2942614864
8571674,St. Pölten vs Schwarz-Weiß Bregenz,1X,0.2963140742,0.2367671537,0.2963140742,0.025,0.02,0.045,53.33653336,9,0,0,0,0,N/A,0,62,62,4,PASS,PASS,N/A,PASS,RIDICAT,,,,
8571674,St. Pölten vs Schwarz-Weiß Bregenz,X2,0.4678538563,0.5200665804,0.5200665804,0.025,0.02,0.045,93.61198446,9,0,0,60,0,N/A,0,163,100,5,FAIL,FAIL,N/A,FAIL,NO BET,,,,
8571674,St. Pölten vs Schwarz-Weiß Bregenz,12,0.2358320695,0.243166266,0.243166266,0.025,0.02,0.045,48.63325319,5.4,0,60,0,0,N/A,0,114,100,5,N/A,N/A,FAIL,FAIL,NO BET,0.2358320695,0.2808320695,0.243166266,0.2808320695
8411811,Molde vs Aalesund,1X,0.2127875954,0.1423357664,0.2127875954,0.025,0,0.025,38.30176716,5,0,0,0,0,N/A,0,43,43,3,PASS,PASS,N/A,PASS,MODERAT,,,,
8411811,Molde vs Aalesund,X2,0.5911997888,0.7116788321,0.7116788321,0.025,0,0.025,128.1021898,5,0,0,60,0,N/A,0,193,100,5,FAIL,FAIL,N/A,FAIL,NO BET,,,,
8411811,Molde vs Aalesund,12,0.1960126158,0.1459854015,0.1960126158,0.025,0,0.025,39.20252317,3,0,10,0,0,N/A,0,52,52,3,N/A,N/A,PRUDENT,PRUDENT,MODERAT,0.1960126158,0.2210126158,0.1459854015,0.2210126158
8545043,Roma vs Inter Milan,1X,0.3679916511,0.3611397894,0.3679916511,0.025,0.02,0.045,66.23849719,9,10,0,60,0,N/A,0,145,100,5,FAIL,PRUDENT,N/A,FAIL,NO BET,,,,
8545043,Roma vs Inter Milan,X2,0.3772967164,0.3543258311,0.3772967164,0.025,0.02,0.045,67.91340895,9,0,0,60,0,N/A,0,137,100,5,FAIL,PASS,N/A,FAIL,NO BET,,,,
8545043,Roma vs Inter Milan,12,0.2547116326,0.2845343795,0.2845343795,0.025,0.02,0.045,56.9068759,5.4,0,60,0,0,N/A,0,122,100,5,N/A,N/A,FAIL,FAIL,NO BET,0.2547116326,0.2997116326,0.2845343795,0.2997116326
8546462,Arda vs Cherno More,1X,0.2879719755,0.2034707158,0.2879719755,0.025,0.02,0.045,51.8349556,9,0,0,0,0,N/A,0,61,61,4,PASS,PASS,N/A,PASS,RIDICAT,,,,
8546462,Arda vs Cherno More,X2,0.4513348148,0.5232104121,0.5232104121,0.025,0.02,0.045,94.17787419,9,0,0,60,0,N/A,0,163,100,5,FAIL,FAIL,N/A,FAIL,NO BET,,,,
8546462,Arda vs Cherno More,12,0.2606932096,0.273318872,0.273318872,0.025,0.02,0.045,54.6637744,5.4,0,60,0,0,N/A,0,120,100,5,N/A,N/A,FAIL,FAIL,NO BET,0.2606932096,0.3056932096,0.273318872,0.3056932096
8546669,OB vs Midtjylland,1X,0.4120854047,0.5283108905,0.5283108905,0.025,0.02,0.045,95.09596029,9,0,0,60,0,N/A,0,164,100,5,FAIL,FAIL,N/A,FAIL,NO BET,,,,
8546669,OB vs Midtjylland,X2,0.3416904153,0.2349523307,0.3416904153,0.025,0.02,0.045,61.50427475,9,0,0,0,0,N/A,0,71,71,4,PASS,PASS,N/A,PASS,RIDICAT,,,,
8546669,OB vs Midtjylland,12,0.2462241801,0.2367367788,0.2462241801,0.025,0.02,0.045,49.24483601,5.4,0,60,0,0,N/A,0,115,100,5,N/A,N/A,FAIL,FAIL,NO BET,0.2462241801,0.2912241801,0.2367367788,0.2912241801
8554471,Young Boys vs Servette,1X,0.3622790284,0.2550657795,0.3622790284,0.025,0.02,0.045,65.21022512,9,0,0,0,0,N/A,0,74,74,4,PASS,PASS,N/A,PASS,RIDICAT,,,,
8554471,Young Boys vs Servette,X2,0.4230488715,0.5160290337,0.5160290337,0.025,0.02,0.045,92.88522607,9,0,0,60,0,N/A,0,162,100,5,FAIL,FAIL,N/A,FAIL,NO BET,,,,
8554471,Young Boys vs Servette,12,0.2146721001,0.2289051868,0.2289051868,0.025,0.02,0.045,45.78103735,5.4,0,35,0,0,N/A,0,86,86,5,N/A,N/A,WATCH,WATCH,WATCH,0.2146721001,0.2596721001,0.2289051868,0.2596721001
8554475,Luzern vs Grasshopper,1X,0.3621109062,0.2404249371,0.3621109062,0.025,0.02,0.045,65.17996311,9,0,0,0,0,N/A,0,74,74,4,PASS,PASS,N/A,PASS,RIDICAT,,,,
8554475,Luzern vs Grasshopper,X2,0.422595422,0.5311713727,0.5311713727,0.025,0.02,0.045,95.61084708,9,0,0,60,0,N/A,0,165,100,5,FAIL,FAIL,N/A,FAIL,NO BET,,,,
8554475,Luzern vs Grasshopper,12,0.2152936718,0.2284036902,0.2284036902,0.025,0.02,0.045,45.68073805,5.4,0,60,0,0,N/A,0,111,100,5,N/A,N/A,FAIL,FAIL,NO BET,0.2152936718,0.2602936718,0.2284036902,0.2602936718
8560681,Slovácko vs Baník Ostrava,1X,0.339048696,0.33220293,0.339048696,0.025,0.02,0.045,61.02876529,9,10,0,0,0,N/A,0,80,80,4,PRUDENT,PASS,N/A,PRUDENT,RIDICAT,,,,
8560681,Slovácko vs Baník Ostrava,X2,0.4044035916,0.3784590342,0.4044035916,0.025,0.02,0.045,72.79264649,9,10,0,60,0,N/A,0,152,100,5,FAIL,PRUDENT,N/A,FAIL,NO BET,,,,
8560681,Slovácko vs Baník Ostrava,12,0.2565477124,0.2893380358,0.2893380358,0.025,0.02,0.045,57.86760716,5.4,0,60,0,0,N/A,0,123,100,5,N/A,N/A,FAIL,FAIL,NO BET,0.2565477124,0.3015477124,0.2893380358,0.3015477124
8603743,Atromitos vs Kifisia,1X,0.2561618579,0.2506744077,0.2561618579,0.025,0.02,0.045,46.10913441,9,0,0,0,0,N/A,0,55,55,3,PASS,PASS,N/A,PASS,MODERAT,,,,
8603743,Atromitos vs Kifisia,X2,0.4857276003,0.4624091016,0.4857276003,0.025,0.02,0.045,87.43096806,9,0,0,60,0,N/A,0,156,100,5,FAIL,FAIL,N/A,FAIL,NO BET,,,,
8603743,Atromitos vs Kifisia,12,0.2581105418,0.2869164907,0.2869164907,0.025,0.02,0.045,57.38329815,5.4,0,60,0,0,N/A,0,123,100,5,N/A,N/A,FAIL,FAIL,NO BET,0.2581105418,0.3031105418,0.2869164907,0.3031105418
8562370,Sporting Charleroi vs Cercle Brugge,1X,0.296683137,0.2319362369,0.296683137,0.025,0.02,0.045,53.40296466,9,0,0,0,0,N/A,0,62,62,4,PASS,PASS,N/A,PASS,RIDICAT,,,,
8562370,Sporting Charleroi vs Cercle Brugge,X2,0.4674446934,0.5372534302,0.5372534302,0.025,0.02,0.045,96.70561743,9,0,0,60,0,N/A,0,166,100,5,FAIL,FAIL,N/A,FAIL,NO BET,,,,
8562370,Sporting Charleroi vs Cercle Brugge,12,0.2358721696,0.2308103329,0.2358721696,0.025,0.02,0.045,47.17443393,5.4,0,60,0,0,N/A,0,113,100,5,N/A,N/A,FAIL,FAIL,NO BET,0.2358721696,0.2808721696,0.2308103329,0.2808721696
8555876,Maccabi Petah Tikva vs Hapoel Katamon,1X,,,,0.025,0.02,0.045,,9,0,0,0,0,N/A,0,,,5,INPUT,INPUT,N/A,INPUT,NO BET,,,,
8555876,Maccabi Petah Tikva vs Hapoel Katamon,X2,,,,0.025,0.02,0.045,,9,0,0,0,0,N/A,0,,,5,INPUT,INPUT,N/A,INPUT,NO BET,,,,
8555876,Maccabi Petah Tikva vs Hapoel Katamon,12,,,,0.025,0.02,0.045,,5.4,0,0,0,0,N/A,0,,,5,N/A,N/A,INPUT,INPUT,NO BET,,,,
8555892,Bnei Sakhnin vs Hapoel Ramat Gan,1X,0.3387013474,0.3451791436,0.3451791436,0.025,0.02,0.045,62.13224585,9,10,0,0,0,N/A,0,81,81,5,PRUDENT,PASS,N/A,PRUDENT,WATCH,,,,
8555892,Bnei Sakhnin vs Hapoel Ramat Gan,X2,0.4159331317,0.3786775415,0.4159331317,0.025,0.02,0.045,74.8679637,9,10,0,60,0,N/A,0,154,100,5,FAIL,PRUDENT,N/A,FAIL,NO BET,,,,
8555892,Bnei Sakhnin vs Hapoel Ramat Gan,12,0.2453655209,0.2761433149,0.2761433149,0.025,0.02,0.045,55.22866298,5.4,0,60,0,0,N/A,0,121,100,5,N/A,N/A,FAIL,FAIL,NO BET,0.2453655209,0.2903655209,0.2761433149,0.2903655209
8557836,Nottingham Forest vs Coventry City,1X,0.3093761206,0.1811191099,0.3093761206,0.025,0.02,0.045,55.68770171,9,0,0,0,0,N/A,0,65,65,4,PASS,PASS,N/A,PASS,RIDICAT,,,,
8557836,Nottingham Forest vs Coventry City,X2,0.4439269965,0.5869600785,0.5869600785,0.025,0.02,0.045,105.6528141,9,0,0,60,0,N/A,0,175,100,5,FAIL,FAIL,N/A,FAIL,NO BET,,,,
8557836,Nottingham Forest vs Coventry City,12,0.2466968829,0.2319208115,0.2466968829,0.025,0.02,0.045,49.33937657,5.4,0,60,0,0,N/A,0,115,100,5,N/A,N/A,FAIL,FAIL,NO BET,0.2466968829,0.2916968829,0.2319208115,0.2916968829
8570378,Celta de Vigo vs Racing Santander,1X,0.2995936142,0.2440944882,0.2995936142,0.025,0.02,0.045,53.92685056,9,0,0,0,0,N/A,0,63,63,4,PASS,PASS,N/A,PASS,RIDICAT,,,,
8570378,Celta de Vigo vs Racing Santander,X2,0.4609626682,0.5118110236,0.5118110236,0.025,0.02,0.045,92.12598425,9,0,0,60,0,N/A,0,161,100,5,FAIL,FAIL,N/A,FAIL,NO BET,,,,
8570378,Celta de Vigo vs Racing Santander,12,0.2394437176,0.2440944882,0.2440944882,0.025,0.02,0.045,48.81889764,5.4,0,60,0,0,N/A,0,114,100,5,N/A,N/A,FAIL,FAIL,NO BET,0.2394437176,0.2844437176,0.2440944882,0.2844437176
8572436,Stuttgart vs Borussia Dortmund,1X,0.327656966,0.3497432265,0.3497432265,0.025,0.02,0.045,62.95378077,9,10,0,0,0,N/A,0,82,82,5,PRUDENT,PASS,N/A,PRUDENT,WATCH,,,,
8572436,Stuttgart vs Borussia Dortmund,X2,0.4593390354,0.3984416504,0.4593390354,0.025,0.02,0.045,82.68102637,9,10,0,60,0,N/A,0,162,100,5,FAIL,PRUDENT,N/A,FAIL,NO BET,,,,
8572436,Stuttgart vs Borussia Dortmund,12,0.2130039986,0.2518151231,0.2518151231,0.025,0.02,0.045,50.36302461,5.4,0,35,0,0,N/A,0,91,91,5,N/A,N/A,WATCH,WATCH,WATCH,0.2130039986,0.2580039986,0.2518151231,0.2580039986
8584394,CD Castellón vs CD Tenerife,1X,0.3002930452,0.1801793641,0.3002930452,0.025,0.02,0.045,54.05274813,9,0,0,0,0,N/A,0,63,63,4,PASS,PASS,N/A,PASS,RIDICAT,,,,
8584394,CD Castellón vs CD Tenerife,X2,0.4328700959,0.5888214512,0.5888214512,0.025,0.02,0.045,105.9878612,9,0,0,60,0,N/A,0,175,100,5,FAIL,FAIL,N/A,FAIL,NO BET,,,,
8584394,CD Castellón vs CD Tenerife,12,0.2668368589,0.2309991847,0.2668368589,0.025,0.02,0.045,53.36737179,5.4,0,60,0,0,N/A,0,119,100,5,N/A,N/A,FAIL,FAIL,NO BET,0.2668368589,0.3118368589,0.2309991847,0.3118368589
8584414,CD Eldense vs SD Eibar,1X,0.3543891468,0.3793010024,0.3793010024,0.025,0.02,0.045,68.27418044,9,0,0,60,0,N/A,0,137,100,5,FAIL,FAIL,N/A,FAIL,NO BET,,,,
8584414,CD Eldense vs SD Eibar,X2,0.3623292214,0.3210512056,0.3623292214,0.025,0.02,0.045,65.21925985,9,10,0,0,0,N/A,0,84,84,5,PRUDENT,PASS,N/A,PRUDENT,WATCH,,,,
8584414,CD Eldense vs SD Eibar,12,0.2832816318,0.2996477919,0.2996477919,0.025,0.02,0.045,59.92955839,5.4,0,60,0,0,N/A,0,125,100,5,N/A,N/A,FAIL,FAIL,NO BET,0.2832816318,0.3282816318,0.2996477919,0.3282816318
8603784,Aris vs Iraklis Thessaloniki,1X,0.2364207581,0.1888111888,0.2364207581,0.025,0.02,0.045,42.55573646,9,0,0,0,0,N/A,0,52,52,3,PASS,PASS,N/A,PASS,MODERAT,,,,
8603784,Aris vs Iraklis Thessaloniki,X2,0.5158362941,0.5594405594,0.5594405594,0.025,0.02,0.045,100.6993007,9,0,0,60,0,N/A,0,170,100,5,FAIL,FAIL,N/A,FAIL,NO BET,,,,
8603784,Aris vs Iraklis Thessaloniki,12,0.2477429478,0.2517482517,0.2517482517,0.025,0.02,0.045,50.34965035,5.4,0,60,0,0,N/A,0,116,100,5,N/A,N/A,FAIL,FAIL,NO BET,0.2477429478,0.2927429478,0.2517482517,0.2927429478
8697472,Zrinjski vs Velež,1X,0.2284239399,0.1137872472,0.2284239399,0.025,0.02,0.045,41.11630918,9,0,0,0,0,N/A,0,50,50,3,PASS,PASS,N/A,PASS,MODERAT,,,,
8697472,Zrinjski vs Velež,X2,0.5250329281,0.6793268488,0.6793268488,0.025,0.02,0.045,122.2788328,9,0,0,60,0,N/A,0,191,100,5,FAIL,FAIL,N/A,FAIL,NO BET,,,,
8697472,Zrinjski vs Velež,12,0.246543132,0.206885904,0.246543132,0.025,0.02,0.045,49.30862641,5.4,0,60,0,0,N/A,0,115,100,5,N/A,N/A,FAIL,FAIL,NO BET,0.246543132,0.291543132,0.206885904,0.291543132
8547615,Sparta Rotterdam vs Heerenveen,1X,0.4359130836,0.3675621584,0.4359130836,0.025,0.02,0.045,78.46435506,9,0,0,60,0,N/A,0,147,100,5,FAIL,PASS,N/A,FAIL,NO BET,,,,
8547615,Sparta Rotterdam vs Heerenveen,X2,0.3472316048,0.3822646448,0.3822646448,0.025,0.02,0.045,68.80763606,9,10,0,60,0,N/A,0,148,100,5,FAIL,PRUDENT,N/A,FAIL,NO BET,,,,
8547615,Sparta Rotterdam vs Heerenveen,12,0.2168553115,0.2501731968,0.2501731968,0.025,0.02,0.045,50.03463937,5.4,0,60,0,0,N/A,0,115,100,5,N/A,N/A,FAIL,FAIL,NO BET,0.2168553115,0.2618553115,0.2501731968,0.2618553115
8558395,Kilmarnock vs Hearts,1X,0.4429075422,0.5616262743,0.5616262743,0.025,0.02,0.045,101.0927294,9,0,0,60,0,N/A,0,170,100,5,FAIL,FAIL,N/A,FAIL,NO BET,,,,
8558395,Kilmarnock vs Hearts,X2,0.3039784665,0.2038947561,0.3039784665,0.025,0.02,0.045,54.71612397,9,0,0,0,0,N/A,0,64,64,4,PASS,PASS,N/A,PASS,RIDICAT,,,,
8558395,Kilmarnock vs Hearts,12,0.2531139913,0.2344789695,0.2531139913,0.025,0.02,0.045,50.62279827,5.4,0,60,0,0,N/A,0,116,100,5,N/A,N/A,FAIL,FAIL,NO BET,0.2531139913,0.2981139913,0.2344789695,0.2981139913
8551551,OFK Beograd vs Radnički Kragujevac,1X,,,,0.025,0.02,0.045,,9,0,0,0,0,N/A,0,,,5,INPUT,INPUT,N/A,INPUT,NO BET,,,,
8551551,OFK Beograd vs Radnički Kragujevac,X2,,,,0.025,0.02,0.045,,9,0,0,0,0,N/A,0,,,5,INPUT,INPUT,N/A,INPUT,NO BET,,,,
8551551,OFK Beograd vs Radnički Kragujevac,12,,,,0.025,0.02,0.045,,5.4,0,0,0,0,N/A,0,,,5,N/A,N/A,INPUT,INPUT,NO BET,,,,
8551674,Radnik Surdulica vs Partizan,1X,0.3185975354,0.498245614,0.498245614,0.025,0.02,0.045,89.68421053,9,0,0,60,0,N/A,0,159,100,5,FAIL,FAIL,N/A,FAIL,NO BET,,,,
8551674,Radnik Surdulica vs Partizan,X2,0.4289377244,0.249122807,0.4289377244,0.025,0.02,0.045,77.20879039,9,0,0,0,0,N/A,0,86,86,5,PASS,PASS,N/A,PASS,WATCH,,,,
8551674,Radnik Surdulica vs Partizan,12,0.2524647402,0.2526315789,0.2526315789,0.025,0.02,0.045,50.52631579,5.4,0,60,0,0,N/A,0,116,100,5,N/A,N/A,FAIL,FAIL,NO BET,0.2524647402,0.2974647402,0.2526315789,0.2974647402
8555849,Maccabi Haifa vs Ironi Tiberias,1X,0.2870499582,0.1391358929,0.2870499582,0.025,0.02,0.045,51.66899248,9,0,0,0,0,N/A,0,61,61,4,PASS,PASS,N/A,PASS,RIDICAT,,,,
8555849,Maccabi Haifa vs Ironi Tiberias,X2,0.4911744115,0.6799874464,0.6799874464,0.025,0.02,0.045,122.3977403,9,0,0,60,0,N/A,0,191,100,5,FAIL,FAIL,N/A,FAIL,NO BET,,,,
8555849,Maccabi Haifa vs Ironi Tiberias,12,0.2217756303,0.1808766607,0.2217756303,0.025,0.02,0.045,44.35512606,5.4,0,60,0,0,N/A,0,110,100,5,N/A,N/A,FAIL,FAIL,NO BET,0.2217756303,0.2667756303,0.1808766607,0.2667756303
8555899,Maccabi Netanya vs Maccabi Tel Aviv,1X,0.4121022523,0.5815966127,0.5815966127,0.025,0.02,0.045,104.6873903,9,0,0,60,0,N/A,0,174,100,5,FAIL,FAIL,N/A,FAIL,NO BET,,,,
8555899,Maccabi Netanya vs Maccabi Tel Aviv,X2,0.3600102454,0.2108791413,0.3600102454,0.025,0.02,0.045,64.80184418,9,0,0,0,0,N/A,0,74,74,4,PASS,PASS,N/A,PASS,RIDICAT,,,,
8555899,Maccabi Netanya vs Maccabi Tel Aviv,12,0.2278875023,0.2075242459,0.2278875023,0.025,0.02,0.045,45.57750046,5.4,0,60,0,0,N/A,0,111,100,5,N/A,N/A,FAIL,FAIL,NO BET,0.2278875023,0.2728875023,0.2075242459,0.2728875023
8574387,Alverca vs Rio Ave FC,1X,0.3380732274,0.2341530252,0.3380732274,0.025,0.02,0.045,60.85318094,9,0,0,0,0,N/A,0,70,70,4,PASS,PASS,N/A,PASS,RIDICAT,,,,
8574387,Alverca vs Rio Ave FC,X2,0.4020129323,0.4903728276,0.4903728276,0.025,0.02,0.045,88.26710896,9,0,0,60,0,N/A,0,157,100,5,FAIL,FAIL,N/A,FAIL,NO BET,,,,
8574387,Alverca vs Rio Ave FC,12,0.2599138403,0.2754741473,0.2754741473,0.025,0.02,0.045,55.09482945,5.4,0,60,0,0,N/A,0,120,100,5,N/A,N/A,FAIL,FAIL,NO BET,0.2599138403,0.3049138403,0.2754741473,0.3049138403
8583486,İstanbul Başakşehir vs Gençlerbirliği,1X,0.2885530273,0.1718627966,0.2885530273,0.025,0.02,0.045,51.93954491,9,0,0,0,0,N/A,0,61,61,4,PASS,PASS,N/A,PASS,RIDICAT,,,,
8583486,İstanbul Başakşehir vs Gençlerbirliği,X2,0.4718580368,0.6098357297,0.6098357297,0.025,0.02,0.045,109.7704314,9,0,0,60,0,N/A,0,179,100,5,FAIL,FAIL,N/A,FAIL,NO BET,,,,
8583486,İstanbul Başakşehir vs Gençlerbirliği,12,0.2395889359,0.2183014737,0.2395889359,0.025,0.02,0.045,47.91778719,5.4,0,60,0,0,N/A,0,113,100,5,N/A,N/A,FAIL,FAIL,NO BET,0.2395889359,0.2845889359,0.2183014737,0.2845889359
8583547,Trabzonspor vs Galatasaray,1X,0.3631311651,0.453769559,0.453769559,0.025,0.02,0.045,81.67852063,9,0,0,60,0,N/A,0,151,100,5,FAIL,FAIL,N/A,FAIL,NO BET,,,,
8583547,Trabzonspor vs Galatasaray,X2,0.3905507076,0.2987197724,0.3905507076,0.025,0.02,0.045,70.29912736,9,0,0,0,0,N/A,0,79,79,4,PASS,PASS,N/A,PASS,RIDICAT,,,,
8583547,Trabzonspor vs Galatasaray,12,0.2463181273,0.2475106686,0.2475106686,0.025,0.02,0.045,49.50213371,5.4,0,60,0,0,N/A,0,115,100,5,N/A,N/A,FAIL,FAIL,NO BET,0.2463181273,0.2913181273,0.2475106686,0.2913181273
8555903,Hapoel Be'er Sheva vs Ironi Kiryat Shmona,1X,0.2988764569,0.1642129881,0.2988764569,0.025,0.02,0.045,53.79776224,9,0,0,0,0,N/A,0,63,63,4,PASS,PASS,N/A,PASS,RIDICAT,,,,
8555903,Hapoel Be'er Sheva vs Ironi Kiryat Shmona,X2,0.4737747763,0.627202385,0.627202385,0.025,0.02,0.045,112.8964293,9,0,0,60,0,N/A,0,182,100,5,FAIL,FAIL,N/A,FAIL,NO BET,,,,
8555903,Hapoel Be'er Sheva vs Ironi Kiryat Shmona,12,0.2273487668,0.2085846269,0.2273487668,0.025,0.02,0.045,45.46975337,5.4,0,60,0,0,N/A,0,111,100,5,N/A,N/A,FAIL,FAIL,NO BET,0.2273487668,0.2723487668,0.2085846269,0.2723487668
8419388,Gimnasia Mendoza vs Deportivo Riestra,1X,,0.2582168675,,0.025,0,0.025,,5,0,0,0,0,N/A,0,,,5,PASS,INPUT,N/A,INPUT,NO BET,,,,
8419388,Gimnasia Mendoza vs Deportivo Riestra,X2,,0.4065542169,,0.025,0,0.025,,5,0,0,0,0,N/A,0,,,5,FAIL,INPUT,N/A,INPUT,NO BET,,,,
8419388,Gimnasia Mendoza vs Deportivo Riestra,12,,0.3352289157,,0.025,0,0.025,,3,0,0,0,0,N/A,0,,,5,N/A,N/A,INPUT,INPUT,NO BET,,,0.3352289157,
8419459,Gimnasia La Plata vs Banfield,1X,,0.2169981917,,0.025,0,0.025,,5,0,0,0,0,N/A,0,,,5,PASS,INPUT,N/A,INPUT,NO BET,,,,
8419459,Gimnasia La Plata vs Banfield,X2,,0.5220012055,,0.025,0,0.025,,5,0,0,0,0,N/A,0,,,5,FAIL,INPUT,N/A,INPUT,NO BET,,,,
8419459,Gimnasia La Plata vs Banfield,12,,0.2610006028,,0.025,0,0.025,,3,0,0,0,0,N/A,0,,,5,N/A,N/A,INPUT,INPUT,NO BET,,,0.2610006028,
8555860,Beitar Jerusalem vs Hapoel Haifa,1X,0.3135154685,0.2217239309,0.3135154685,0.025,0.02,0.045,56.43278433,9,0,0,0,0,N/A,0,65,65,4,PASS,PASS,N/A,PASS,RIDICAT,,,,
8555860,Beitar Jerusalem vs Hapoel Haifa,X2,0.4538731002,0.5508669091,0.5508669091,0.025,0.02,0.045,99.15604365,9,0,0,60,0,N/A,0,168,100,5,FAIL,FAIL,N/A,FAIL,NO BET,,,,
8555860,Beitar Jerusalem vs Hapoel Haifa,12,0.2326114312,0.2274091599,0.2326114312,0.025,0.02,0.045,46.52228625,5.4,0,60,0,0,N/A,0,112,100,5,N/A,N/A,FAIL,FAIL,NO BET,0.2326114312,0.2776114312,0.2274091599,0.2776114312
8561285,Debrecen vs Vasas,1X,0.3379571205,0.348603352,0.348603352,0.025,0.02,0.045,62.74860335,9,10,0,0,0,N/A,0,82,82,5,PRUDENT,PASS,N/A,PRUDENT,WATCH,,,,
8561285,Debrecen vs Vasas,X2,0.4246886346,0.3947858473,0.4246886346,0.025,0.02,0.045,76.44395423,9,10,0,60,0,N/A,0,155,100,5,FAIL,PRUDENT,N/A,FAIL,NO BET,,,,
8561285,Debrecen vs Vasas,12,0.2373542449,0.2566108007,0.2566108007,0.025,0.02,0.045,51.32216015,5.4,0,60,0,0,N/A,0,117,100,5,N/A,N/A,FAIL,FAIL,NO BET,0.2373542449,0.2823542449,0.2566108007,0.2823542449
8565779,Grazer AK vs Austria Wien,1X,0.3135785013,0.3397683398,0.3397683398,0.025,0.02,0.045,61.15830116,9,10,0,0,0,N/A,0,80,80,4,PRUDENT,PASS,N/A,PRUDENT,RIDICAT,,,,
8565779,Grazer AK vs Austria Wien,X2,0.4363345543,0.3822393822,0.4363345543,0.025,0.02,0.045,78.54021977,9,10,0,60,0,N/A,0,158,100,5,FAIL,PRUDENT,N/A,FAIL,NO BET,,,,
8565779,Grazer AK vs Austria Wien,12,0.2500869445,0.277992278,0.277992278,0.025,0.02,0.045,55.5984556,5.4,0,60,0,0,N/A,0,121,100,5,N/A,N/A,FAIL,FAIL,NO BET,0.2500869445,0.2950869445,0.277992278,0.2950869445
8579574,CS U Craiova vs FCSB,1X,0.2350059675,0.2281105991,0.2350059675,0.025,0.02,0.045,42.30107416,9,0,0,0,0,N/A,0,51,51,3,PASS,PASS,N/A,PASS,MODERAT,,,,
8579574,CS U Craiova vs FCSB,X2,0.5176125593,0.5184331797,0.5184331797,0.025,0.02,0.045,93.31797235,9,0,0,60,0,N/A,0,162,100,5,FAIL,FAIL,N/A,FAIL,NO BET,,,,
8579574,CS U Craiova vs FCSB,12,0.2473814731,0.2534562212,0.2534562212,0.025,0.02,0.045,50.69124424,5.4,0,60,0,0,N/A,0,116,100,5,N/A,N/A,FAIL,FAIL,NO BET,0.2473814731,0.2923814731,0.2534562212,0.2923814731
8614541,Ascoli vs Avellino,1X,0.3257802476,0.2617704,0.3257802476,0.025,0.02,0.045,58.64044456,9,0,0,0,0,N/A,0,68,68,4,PASS,PASS,N/A,PASS,RIDICAT,,,,
8614541,Ascoli vs Avellino,X2,0.4010693424,0.4443712156,0.4443712156,0.025,0.02,0.045,79.9868188,9,0,0,60,0,N/A,0,149,100,5,FAIL,FAIL,N/A,FAIL,NO BET,,,,
8614541,Ascoli vs Avellino,12,0.27315041,0.2938583845,0.2938583845,0.025,0.02,0.045,58.7716769,5.4,0,60,0,0,N/A,0,124,100,5,N/A,N/A,FAIL,FAIL,NO BET,0.27315041,0.31815041,0.2938583845,0.31815041
8546200,Istra 1961 vs Gorica,1X,0.2755981056,0.2589417441,0.2755981056,0.025,0.02,0.045,49.607659,9,0,0,0,0,N/A,0,59,59,3,PASS,PASS,N/A,PASS,MODERAT,,,,
8546200,Istra 1961 vs Gorica,X2,0.4938296015,0.4745005782,0.4938296015,0.025,0.02,0.045,88.88932828,9,0,0,60,0,N/A,0,158,100,5,FAIL,FAIL,N/A,FAIL,NO BET,,,,
8546200,Istra 1961 vs Gorica,12,0.2305722929,0.2665576777,0.2665576777,0.025,0.02,0.045,53.31153555,5.4,0,60,0,0,N/A,0,119,100,5,N/A,N/A,FAIL,FAIL,NO BET,0.2305722929,0.2755722929,0.2665576777,0.2755722929
8547844,Ajax vs Excelsior,1X,0.3703267207,0.1123994638,0.3703267207,0.025,0.02,0.045,66.65880973,9,0,0,0,0,N/A,0,76,76,4,PASS,PASS,N/A,PASS,RIDICAT,,,,
8547844,Ajax vs Excelsior,X2,0.4388391668,0.740616622,0.740616622,0.025,0.02,0.045,133.310992,9,0,0,60,0,N/A,0,202,100,5,FAIL,FAIL,N/A,FAIL,NO BET,,,,
8547844,Ajax vs Excelsior,12,0.1908341125,0.1469839142,0.1908341125,0.025,0.02,0.045,38.16682249,5.4,0,35,0,0,N/A,0,79,79,5,N/A,N/A,WATCH,WATCH,WATCH,0.1908341125,0.2358341125,0.1469839142,0.2358341125
8551303,Metz vs Saint-Étienne,1X,0.3713658136,0.4607424442,0.4607424442,0.025,0.02,0.045,82.93363995,9,0,0,60,0,N/A,0,152,100,5,FAIL,FAIL,N/A,FAIL,NO BET,,,,
8551303,Metz vs Saint-Étienne,X2,0.3581348045,0.2656044678,0.3581348045,0.025,0.02,0.045,64.46426481,9,0,0,0,0,N/A,0,73,73,4,PASS,PASS,N/A,PASS,RIDICAT,,,,
8551303,Metz vs Saint-Étienne,12,0.270499382,0.273653088,0.273653088,0.025,0.02,0.045,54.73061761,5.4,0,60,0,0,N/A,0,120,100,5,N/A,N/A,FAIL,FAIL,NO BET,0.270499382,0.315499382,0.273653088,0.315499382
8550480,Motor Lublin vs Górnik Zabrze,1X,0.3590685101,0.4388344933,0.4388344933,0.025,0.02,0.045,78.9902088,9,0,0,60,0,N/A,0,148,100,5,FAIL,FAIL,N/A,FAIL,NO BET,,,,
8550480,Motor Lublin vs Górnik Zabrze,X2,0.3911899922,0.3015217648,0.3911899922,0.025,0.02,0.045,70.41419859,9,10,0,0,0,N/A,0,89,89,5,PRUDENT,PASS,N/A,PRUDENT,WATCH,,,,
8550480,Motor Lublin vs Górnik Zabrze,12,0.2497414977,0.2596437419,0.2596437419,0.025,0.02,0.045,51.92874838,5.4,0,60,0,0,N/A,0,117,100,5,N/A,N/A,FAIL,FAIL,NO BET,0.2497414977,0.2947414977,0.2596437419,0.2947414977
8559096,Maribor vs Aluminij,1X,,,,0.025,0.02,0.045,,9,0,0,0,0,N/A,0,,,5,INPUT,INPUT,N/A,INPUT,NO BET,,,,
8559096,Maribor vs Aluminij,X2,,,,0.025,0.02,0.045,,9,0,0,0,0,N/A,0,,,5,INPUT,INPUT,N/A,INPUT,NO BET,,,,
8559096,Maribor vs Aluminij,12,,,,0.025,0.02,0.045,,5.4,0,0,0,0,N/A,0,,,5,N/A,N/A,INPUT,INPUT,NO BET,,,,
8554528,Sion vs Zürich,1X,0.3418812234,0.1867852605,0.3418812234,0.025,0.02,0.045,61.5386202,9,0,0,0,0,N/A,0,71,71,4,PASS,PASS,N/A,PASS,RIDICAT,,,,
8554528,Sion vs Zürich,X2,0.4526137103,0.6226175349,0.6226175349,0.025,0.02,0.045,112.0711563,9,0,0,60,0,N/A,0,181,100,5,FAIL,FAIL,N/A,FAIL,NO BET,,,,
8554528,Sion vs Zürich,12,0.2055050664,0.1905972046,0.2055050664,0.025,0.02,0.045,41.10101327,5.4,0,35,0,0,N/A,0,82,82,5,N/A,N/A,WATCH,WATCH,WATCH,0.2055050664,0.2505050664,0.1905972046,0.2505050664
8572765,Dynamo Dresden vs Hertha BSC,1X,0.3800397568,0.3780050272,0.3800397568,0.025,0.02,0.045,68.40715623,9,0,0,60,0,N/A,0,137,100,5,FAIL,PASS,N/A,FAIL,NO BET,,,,
8572765,Dynamo Dresden vs Hertha BSC,X2,0.3955521862,0.3948052506,0.3955521862,0.025,0.02,0.045,71.19939351,9,10,0,60,0,N/A,0,150,100,5,FAIL,PRUDENT,N/A,FAIL,NO BET,,,,
8572765,Dynamo Dresden vs Hertha BSC,12,0.224408057,0.2271897222,0.2271897222,0.025,0.02,0.045,45.43794444,5.4,0,60,0,0,N/A,0,111,100,5,N/A,N/A,FAIL,FAIL,NO BET,0.224408057,0.269408057,0.2271897222,0.269408057
8545038,Venezia vs Lazio,1X,0.404498124,0.4658079218,0.4658079218,0.025,0.02,0.045,83.84542593,9,0,0,60,0,N/A,0,153,100,5,FAIL,FAIL,N/A,FAIL,NO BET,,,,
8545038,Venezia vs Lazio,X2,0.3470357365,0.2767038103,0.3470357365,0.025,0.02,0.045,62.46643257,9,0,0,0,0,N/A,0,71,71,4,PASS,PASS,N/A,PASS,RIDICAT,,,,
8545038,Venezia vs Lazio,12,0.2484661395,0.2574882679,0.2574882679,0.025,0.02,0.045,51.49765358,5.4,0,60,0,0,N/A,0,117,100,5,N/A,N/A,FAIL,FAIL,NO BET,0.2484661395,0.2934661395,0.2574882679,0.2934661395
8548609,Le Mans vs Lorient,1X,0.369105913,0.371817347,0.371817347,0.025,0.02,0.045,66.92712246,9,10,0,60,0,N/A,0,146,100,5,FAIL,PRUDENT,N/A,FAIL,NO BET,,,,
8548609,Le Mans vs Lorient,X2,0.3715974463,0.3547875449,0.3715974463,0.025,0.02,0.045,66.88754033,9,0,0,60,0,N/A,0,136,100,5,FAIL,PASS,N/A,FAIL,NO BET,,,,
8548609,Le Mans vs Lorient,12,0.2592966407,0.2733951081,0.2733951081,0.025,0.02,0.045,54.67902162,5.4,0,60,0,0,N/A,0,120,100,5,N/A,N/A,FAIL,FAIL,NO BET,0.2592966407,0.3042966407,0.2733951081,0.3042966407
8548625,Olympique Lyonnais vs Rennes,1X,0.3536736859,0.3235568087,0.3536736859,0.025,0.02,0.045,63.66126346,9,10,0,0,0,N/A,0,83,83,5,PRUDENT,PASS,N/A,PRUDENT,WATCH,,,,
8548625,Olympique Lyonnais vs Rennes,X2,0.3966777058,0.4393393923,0.4393393923,0.025,0.02,0.045,79.08109061,9,0,0,60,0,N/A,0,148,100,5,FAIL,FAIL,N/A,FAIL,NO BET,,,,
8548625,Olympique Lyonnais vs Rennes,12,0.2496486083,0.237103799,0.2496486083,0.025,0.02,0.045,49.92972166,5.4,0,60,0,0,N/A,0,115,100,5,N/A,N/A,FAIL,FAIL,NO BET,0.2496486083,0.2946486083,0.237103799,0.2946486083
8548626,Toulouse vs Le Havre,1X,0.327814791,0.2115019011,0.327814791,0.025,0.02,0.045,59.00666237,9,0,0,0,0,N/A,0,68,68,4,PASS,PASS,N/A,PASS,RIDICAT,,,,
8548626,Toulouse vs Le Havre,X2,0.4174038831,0.5346958175,0.5346958175,0.025,0.02,0.045,96.24524715,9,0,0,60,0,N/A,0,165,100,5,FAIL,FAIL,N/A,FAIL,NO BET,,,,
8548626,Toulouse vs Le Havre,12,0.2547813259,0.2538022814,0.2547813259,0.025,0.02,0.045,50.95626519,5.4,0,60,0,0,N/A,0,116,100,5,N/A,N/A,FAIL,FAIL,NO BET,0.2547813259,0.2997813259,0.2538022814,0.2997813259
8548634,Angers SCO vs Troyes,1X,0.3473722322,0.2920353982,0.3473722322,0.025,0.02,0.045,62.52700179,9,0,0,0,0,N/A,0,72,72,4,PASS,PASS,N/A,PASS,RIDICAT,,,,
8548634,Angers SCO vs Troyes,X2,0.3911338878,0.4247787611,0.4247787611,0.025,0.02,0.045,76.46017699,9,0,0,60,0,N/A,0,145,100,5,FAIL,FAIL,N/A,FAIL,NO BET,,,,
8548634,Angers SCO vs Troyes,12,0.26149388,0.2831858407,0.2831858407,0.025,0.02,0.045,56.63716814,5.4,0,60,0,0,N/A,0,122,100,5,N/A,N/A,FAIL,FAIL,NO BET,0.26149388,0.30649388,0.2831858407,0.30649388
8562299,Lommel United vs KV Mechelen,1X,,,,0.025,0.02,0.045,,9,0,0,0,0,N/A,0,,,5,INPUT,INPUT,N/A,INPUT,NO BET,,,,
8562299,Lommel United vs KV Mechelen,X2,,,,0.025,0.02,0.045,,9,0,0,0,0,N/A,0,,,5,INPUT,INPUT,N/A,INPUT,NO BET,,,,
8562299,Lommel United vs KV Mechelen,12,,,,0.025,0.02,0.045,,5.4,0,0,0,0,N/A,0,,,5,N/A,N/A,INPUT,INPUT,NO BET,,,,
8562303,RSC Anderlecht vs Zulte-Waregem,1X,0.2939253651,0.2102810599,0.2939253651,0.025,0.02,0.045,52.90656572,9,0,0,0,0,N/A,0,62,62,4,PASS,PASS,N/A,PASS,RIDICAT,,,,
8562303,RSC Anderlecht vs Zulte-Waregem,X2,0.4608947144,0.5274453105,0.5274453105,0.025,0.02,0.045,94.94015588,9,0,0,60,0,N/A,0,164,100,5,FAIL,FAIL,N/A,FAIL,NO BET,,,,
8562303,RSC Anderlecht vs Zulte-Waregem,12,0.2451799205,0.2622736296,0.2622736296,0.025,0.02,0.045,52.45472593,5.4,0,60,0,0,N/A,0,118,100,5,N/A,N/A,FAIL,FAIL,NO BET,0.2451799205,0.2901799205,0.2622736296,0.2901799205
8409647,Atlético Mineiro vs Chapecoense,1X,0.2269065303,0.1308378696,0.2269065303,0.025,0,0.025,40.84317546,5,0,0,0,0,N/A,0,46,46,3,PASS,PASS,N/A,PASS,MODERAT,,,,
8409647,Atlético Mineiro vs Chapecoense,X2,0.5457710305,0.6605056587,0.6605056587,0.025,0,0.025,118.8910186,5,0,0,60,0,N/A,0,184,100,5,FAIL,FAIL,N/A,FAIL,NO BET,,,,
8409647,Atlético Mineiro vs Chapecoense,12,0.2273224391,0.2086564717,0.2273224391,0.025,0,0.025,45.46448783,3,0,35,0,0,N/A,0,83,83,5,N/A,N/A,WATCH,WATCH,WATCH,0.2273224391,0.2523224391,0.2086564717,0.2523224391
8547688,Willem II vs Fortuna Sittard,1X,0.4392033826,0.3688747379,0.4392033826,0.025,0.02,0.045,79.05660887,9,0,0,60,0,N/A,0,148,100,5,FAIL,PASS,N/A,FAIL,NO BET,,,,
8547688,Willem II vs Fortuna Sittard,X2,0.3443760478,0.3806787295,0.3806787295,0.025,0.02,0.045,68.52217131,9,10,0,60,0,N/A,0,148,100,5,FAIL,PRUDENT,N/A,FAIL,NO BET,,,,
8547688,Willem II vs Fortuna Sittard,12,0.2164205696,0.2504465326,0.2504465326,0.025,0.02,0.045,50.08930652,5.4,0,60,0,0,N/A,0,115,100,5,N/A,N/A,FAIL,FAIL,NO BET,0.2164205696,0.2614205696,0.2504465326,0.2614205696
8570407,Sevilla FC vs FC Barcelona,1X,0.4466918285,0.7851908252,0.7851908252,0.025,0.02,0.045,141.3343485,9,0,0,60,0,N/A,0,210,100,5,FAIL,FAIL,N/A,FAIL,NO BET,,,,
8570407,Sevilla FC vs FC Barcelona,X2,0.3424795779,0.08708480061,0.3424795779,0.025,0.02,0.045,61.64632402,9,0,0,0,0,N/A,0,71,71,4,PASS,PASS,N/A,PASS,RIDICAT,,,,
8570407,Sevilla FC vs FC Barcelona,12,0.2108285936,0.1277243742,0.2108285936,0.025,0.02,0.045,42.16571873,5.4,0,35,0,0,N/A,0,83,83,5,N/A,N/A,WATCH,WATCH,WATCH,0.2108285936,0.2558285936,0.1277243742,0.2558285936
8584512,Cádiz vs Girona FC,1X,0.3730428155,0.4532600792,0.4532600792,0.025,0.02,0.045,81.58681425,9,0,0,60,0,N/A,0,151,100,5,FAIL,FAIL,N/A,FAIL,NO BET,,,,
8584512,Cádiz vs Girona FC,X2,0.3487344543,0.2692898117,0.3487344543,0.025,0.02,0.045,62.77220178,9,0,0,0,0,N/A,0,72,72,4,PASS,PASS,N/A,PASS,RIDICAT,,,,
8584512,Cádiz vs Girona FC,12,0.2782227302,0.2774501091,0.2782227302,0.025,0.02,0.045,55.64454604,5.4,0,60,0,0,N/A,0,121,100,5,N/A,N/A,FAIL,FAIL,NO BET,0.2782227302,0.3232227302,0.2774501091,0.3232227302
8574233,Sporting CP vs FC Arouca,1X,0.2941549914,0.07998251748,0.2941549914,0.025,0.02,0.045,52.94789846,9,0,0,0,0,N/A,0,62,62,4,PASS,PASS,N/A,PASS,RIDICAT,,,,
8574233,Sporting CP vs FC Arouca,X2,0.4813597535,0.7867132867,0.7867132867,0.025,0.02,0.045,141.6083916,9,0,0,60,0,N/A,0,211,100,5,FAIL,FAIL,N/A,FAIL,NO BET,,,,
8574233,Sporting CP vs FC Arouca,12,0.224485255,0.1333041958,0.224485255,0.025,0.02,0.045,44.89705101,5.4,0,60,0,0,N/A,0,110,100,5,N/A,N/A,FAIL,FAIL,NO BET,0.224485255,0.269485255,0.1333041958,0.269485255
8711532,KA vs Thór,1X,0.2871630259,0.2748424624,0.2871630259,0.025,0,0.025,51.68934465,5,0,0,0,0,N/A,0,57,57,3,PASS,PASS,N/A,PASS,MODERAT,,,,
8711532,KA vs Thór,X2,0.4932763395,0.4944255938,0.4944255938,0.025,0,0.025,88.99660688,5,0,0,60,0,N/A,0,154,100,5,FAIL,FAIL,N/A,FAIL,NO BET,,,,
8711532,KA vs Thór,12,0.2195606346,0.2307319438,0.2307319438,0.025,0,0.025,46.14638875,3,0,35,0,0,N/A,0,84,84,5,N/A,N/A,WATCH,WATCH,WATCH,0.2195606346,0.2445606346,0.2307319438,0.2445606346
8419260,Unión Santa Fe vs Independiente,1X,,0.3020244554,,0.025,0,0.025,,5,10,0,0,0,N/A,0,,,5,PRUDENT,INPUT,N/A,INPUT,NO BET,,,,
8419260,Unión Santa Fe vs Independiente,X2,,0.3839501174,,0.025,0,0.025,,5,0,0,0,0,N/A,0,,,5,FAIL,INPUT,N/A,INPUT,NO BET,,,,
8419260,Unión Santa Fe vs Independiente,12,,0.3140254272,,0.025,0,0.025,,3,0,0,0,0,N/A,0,,,5,N/A,N/A,INPUT,INPUT,NO BET,,,0.3140254272,
8409648,Mirassol vs Botafogo,1X,0.3316246791,0.3042084168,0.3316246791,0.025,0,0.025,59.69244224,5,10,0,0,0,N/A,0,75,75,4,PRUDENT,PASS,N/A,PRUDENT,RIDICAT,,,,
8409648,Mirassol vs Botafogo,X2,0.4171479365,0.4100200401,0.4171479365,0.025,0,0.025,75.08662856,5,0,0,60,0,N/A,0,140,100,5,FAIL,FAIL,N/A,FAIL,NO BET,,,,
8409648,Mirassol vs Botafogo,12,0.2512273844,0.2857715431,0.2857715431,0.025,0,0.025,57.15430862,3,0,60,0,0,N/A,0,120,100,5,N/A,N/A,FAIL,FAIL,NO BET,0.2512273844,0.2762273844,0.2857715431,0.2857715431
