excel_row,Slot,Match_ID,League,Match,Mode,Line,Type,k,Release,G0,Mu,D,P_Raw,P_Calibrated,Failure_Model,Empirical_HA,Empirical_L10,Empirical_L20,Failure_Gate,Risk_Score,Risk_Level_Raw,Confidence_Final,Tail_Gate,Defensive_Candidate,Defensive_Gate,Risk_Level_FINAL,Verdict_FINAL,P_FINAL,Rank_In_Match,Eligible,Builder,Live_Eligible_Best,Rank_LIVE,Reason,Model_Signature,OOS_Status,N_HA_Empirical,N_L10_Empirical,N_L20_Empirical,Candidate_Confidence
6,1,REPLAY_1,E0,Brighton – Man United,REPLAY,"O3,5",OVER,3,READY,PASS,10.27195945945946,0.9007607192254518,0.9915371058651653,0.8929839161391997,0.008462894134834698,0,0,0,0.008462894134834698,9.972221126086591,1,90,PASS,NO,FAIL,2,PRUDENT,0.8929839161391997,1,1,YES,0,,Exemplu retrospectiv; exclus din Top LIVE,"CORNERS_NATIVE_V14|0.300000|0.450000|0.250000|10.000000|5.000000|3.000000|1.100000|1.350000|1.700000|2.250000|0.820000|20.000000|0.720000|65.000000|0.000000|0.080000|0.120000|0.050000|75.000000|10.000000|5.000000|10.000000|5.000000|2.000000|2.000000|0.550000|0.200000|0.150000|0.100000|0.900000|90.000000|20.000000|1.100000|5.000000|200.000000|0.900000|0.050000|0.080000|O3,5|1.000000|0.050000|0.080000",OOS PENDING,36,20,40,90
7,1,REPLAY_1,E0,Brighton – Man United,REPLAY,"O4,5",OVER,4,READY,PASS,10.27195945945946,0.9007607192254518,0.9754918504980158,0.8801557344731636,0.02450814950198421,0,0,0,0.02450814950198421,10.854710171279814,1,80,OOS PENDING,NO,FAIL,2,PRUDENT,0.8801557344731636,3,1,CONDITIONAL,0,,Exemplu retrospectiv; exclus din Top LIVE,"CORNERS_NATIVE_V14|0.300000|0.450000|0.250000|10.000000|5.000000|3.000000|1.100000|1.350000|1.700000|2.250000|0.820000|20.000000|0.720000|65.000000|0.000000|0.080000|0.120000|0.050000|75.000000|10.000000|5.000000|10.000000|5.000000|2.000000|2.000000|0.550000|0.200000|0.150000|0.100000|0.900000|90.000000|20.000000|1.100000|5.000000|200.000000|0.900000|0.050000|0.080000|O4,5|1.000000|NA|NA",OOS PENDING,36,20,40,90
8,1,REPLAY_1,E0,Brighton – Man United,REPLAY,"O5,5",OVER,5,READY,PASS,10.27195945945946,0.9007607192254518,0.9425286079684091,0.8538016220707431,0.05747139203159091,0.027777777777777776,0.05,0.025,0.05747139203159091,12.667688510408183,1,80,OOS PENDING,NO,FAIL,2,PRUDENT,0.8538016220707431,5,1,CONDITIONAL,0,,Exemplu retrospectiv; exclus din Top LIVE,"CORNERS_NATIVE_V14|0.300000|0.450000|0.250000|10.000000|5.000000|3.000000|1.100000|1.350000|1.700000|2.250000|0.820000|20.000000|0.720000|65.000000|0.000000|0.080000|0.120000|0.050000|75.000000|10.000000|5.000000|10.000000|5.000000|2.000000|2.000000|0.550000|0.200000|0.150000|0.100000|0.900000|90.000000|20.000000|1.100000|5.000000|200.000000|0.900000|0.050000|0.080000|O5,5|1.000000|NA|NA",OOS PENDING,36,20,40,90
9,1,REPLAY_1,E0,Brighton – Man United,REPLAY,"O6,5",OVER,6,READY,PASS,10.27195945945946,0.9007607192254518,0.886095759482334,0.808683559706126,0.11390424051766601,0.1111111111111111,0.1,0.05,0.11390424051766601,15.771495177142313,1,80,OOS PENDING,NO,FAIL,2,PRUDENT,0.808683559706126,7,1,CONDITIONAL,0,,Exemplu retrospectiv; exclus din Top LIVE,"CORNERS_NATIVE_V14|0.300000|0.450000|0.250000|10.000000|5.000000|3.000000|1.100000|1.350000|1.700000|2.250000|0.820000|20.000000|0.720000|65.000000|0.000000|0.080000|0.120000|0.050000|75.000000|10.000000|5.000000|10.000000|5.000000|2.000000|2.000000|0.550000|0.200000|0.150000|0.100000|0.900000|90.000000|20.000000|1.100000|5.000000|200.000000|0.900000|0.050000|0.080000|O6,5|1.000000|NA|NA",OOS PENDING,36,20,40,90
10,1,REPLAY_1,E0,Brighton – Man United,REPLAY,"O7,5",OVER,7,READY,PASS,10.27195945945946,0.9007607192254518,0.8032849120779367,0.7424762872063104,0.19671508792206327,0.25,0.15,0.175,0.25,23.256761948670686,2,80,OOS PENDING,NO,FAIL,2,PRUDENT,0.7424762872063104,10,1,CONDITIONAL,0,,Exemplu retrospectiv; exclus din Top LIVE,"CORNERS_NATIVE_V14|0.300000|0.450000|0.250000|10.000000|5.000000|3.000000|1.100000|1.350000|1.700000|2.250000|0.820000|20.000000|0.720000|65.000000|0.000000|0.080000|0.120000|0.050000|75.000000|10.000000|5.000000|10.000000|5.000000|2.000000|2.000000|0.550000|0.200000|0.150000|0.100000|0.900000|90.000000|20.000000|1.100000|5.000000|200.000000|0.900000|0.050000|0.080000|O7,5|1.000000|NA|NA",OOS PENDING,36,20,40,90
11,1,REPLAY_1,E0,Brighton – Man United,REPLAY,"O8,5",OVER,8,READY,PASS,10.27195945945946,0.9007607192254518,0.6969562036602551,0.6574664848263739,0.3030437963397449,0.4722222222222222,0.35,0.375,0.4722222222222222,35.47898417089291,2,80,OOS PENDING,NO,FAIL,2,WATCH,0.5277777777777778,,0,NO,0,,P finala sub prag,"CORNERS_NATIVE_V14|0.300000|0.450000|0.250000|10.000000|5.000000|3.000000|1.100000|1.350000|1.700000|2.250000|0.820000|20.000000|0.720000|65.000000|0.000000|0.080000|0.120000|0.050000|75.000000|10.000000|5.000000|10.000000|5.000000|2.000000|2.000000|0.550000|0.200000|0.150000|0.100000|0.900000|90.000000|20.000000|1.100000|5.000000|200.000000|0.900000|0.050000|0.080000|O8,5|1.000000|NA|NA",OOS PENDING,36,20,40,90
12,1,REPLAY_1,E0,Brighton – Man United,REPLAY,"U10,5",UNDER,10,READY,PASS,10.27195945945946,0.9007607192254518,0.5490562286051273,0.5392204547697993,0.45094377139487274,0.4444444444444444,0.55,0.45,0.55,39.756761948670686,2,80,OOS PENDING,NO,FAIL,2,WATCH,0.44999999999999996,,0,NO,0,,P finala sub prag,"CORNERS_NATIVE_V14|0.300000|0.450000|0.250000|10.000000|5.000000|3.000000|1.100000|1.350000|1.700000|2.250000|0.820000|20.000000|0.720000|65.000000|0.000000|0.080000|0.120000|0.050000|75.000000|10.000000|5.000000|10.000000|5.000000|2.000000|2.000000|0.550000|0.200000|0.150000|0.100000|0.900000|90.000000|20.000000|1.100000|5.000000|200.000000|0.900000|0.050000|0.080000|U10,5|1.000000|NA|NA",OOS PENDING,36,20,40,90
13,1,REPLAY_1,E0,Brighton – Man United,REPLAY,"U11,5",UNDER,11,READY,PASS,10.27195945945946,0.9007607192254518,0.6654621932043587,0.6322870234668848,0.33453780679564127,0.2777777777777778,0.5,0.375,0.5,37.006761948670686,2,80,OOS PENDING,NO,FAIL,2,WATCH,0.5,,0,NO,0,,P finala sub prag,"CORNERS_NATIVE_V14|0.300000|0.450000|0.250000|10.000000|5.000000|3.000000|1.100000|1.350000|1.700000|2.250000|0.820000|20.000000|0.720000|65.000000|0.000000|0.080000|0.120000|0.050000|75.000000|10.000000|5.000000|10.000000|5.000000|2.000000|2.000000|0.550000|0.200000|0.150000|0.100000|0.900000|90.000000|20.000000|1.100000|5.000000|200.000000|0.900000|0.050000|0.080000|U11,5|1.000000|NA|NA",OOS PENDING,36,20,40,90
14,1,REPLAY_1,E0,Brighton – Man United,REPLAY,"U12,5",UNDER,12,READY,PASS,10.27195945945946,0.9007607192254518,0.7651053056379069,0.7119516918575066,0.2348946943620931,0.19444444444444445,0.3,0.2,0.3,26.006761948670682,2,80,OOS PENDING,NO,FAIL,2,WATCH,0.7,,0,NO,0,,P finala sub prag,"CORNERS_NATIVE_V14|0.300000|0.450000|0.250000|10.000000|5.000000|3.000000|1.100000|1.350000|1.700000|2.250000|0.820000|20.000000|0.720000|65.000000|0.000000|0.080000|0.120000|0.050000|75.000000|10.000000|5.000000|10.000000|5.000000|2.000000|2.000000|0.550000|0.200000|0.150000|0.100000|0.900000|90.000000|20.000000|1.100000|5.000000|200.000000|0.900000|0.050000|0.080000|U12,5|1.000000|NA|NA",OOS PENDING,36,20,40,90
15,1,REPLAY_1,E0,Brighton – Man United,REPLAY,"U13,5",UNDER,13,READY,PASS,10.27195945945946,0.9007607192254518,0.8438383834326583,0.7748987875544102,0.15616161656734173,0.1388888888888889,0.25,0.15,0.25,23.256761948670686,2,80,OOS PENDING,NO,FAIL,2,PRUDENT,0.75,9,1,CONDITIONAL,0,,Exemplu retrospectiv; exclus din Top LIVE,"CORNERS_NATIVE_V14|0.300000|0.450000|0.250000|10.000000|5.000000|3.000000|1.100000|1.350000|1.700000|2.250000|0.820000|20.000000|0.720000|65.000000|0.000000|0.080000|0.120000|0.050000|75.000000|10.000000|5.000000|10.000000|5.000000|2.000000|2.000000|0.550000|0.200000|0.150000|0.100000|0.900000|90.000000|20.000000|1.100000|5.000000|200.000000|0.900000|0.050000|0.080000|U13,5|1.000000|NA|NA",OOS PENDING,36,20,40,90
16,1,REPLAY_1,E0,Brighton – Man United,REPLAY,"U14,5",UNDER,14,READY,PASS,10.27195945945946,0.9007607192254518,0.9016057393773835,0.8210837886322182,0.09839426062261647,0.1111111111111111,0.2,0.125,0.2,20.506761948670682,2,80,OOS PENDING,NO,FAIL,2,PRUDENT,0.8,8,1,CONDITIONAL,0,,Exemplu retrospectiv; exclus din Top LIVE,"CORNERS_NATIVE_V14|0.300000|0.450000|0.250000|10.000000|5.000000|3.000000|1.100000|1.350000|1.700000|2.250000|0.820000|20.000000|0.720000|65.000000|0.000000|0.080000|0.120000|0.050000|75.000000|10.000000|5.000000|10.000000|5.000000|2.000000|2.000000|0.550000|0.200000|0.150000|0.100000|0.900000|90.000000|20.000000|1.100000|5.000000|200.000000|0.900000|0.050000|0.080000|U14,5|1.000000|NA|NA",OOS PENDING,36,20,40,90
17,1,REPLAY_1,E0,Brighton – Man United,REPLAY,"U15,5",UNDER,15,READY,PASS,10.27195945945946,0.9007607192254518,0.9411646686003423,0.8527111525459736,0.05883533139965769,0.05555555555555555,0,0.025,0.05883533139965769,12.742705175651857,1,80,OOS PENDING,NO,FAIL,2,PRUDENT,0.8527111525459736,6,1,CONDITIONAL,0,,Exemplu retrospectiv; exclus din Top LIVE,"CORNERS_NATIVE_V14|0.300000|0.450000|0.250000|10.000000|5.000000|3.000000|1.100000|1.350000|1.700000|2.250000|0.820000|20.000000|0.720000|65.000000|0.000000|0.080000|0.120000|0.050000|75.000000|10.000000|5.000000|10.000000|5.000000|2.000000|2.000000|0.550000|0.200000|0.150000|0.100000|0.900000|90.000000|20.000000|1.100000|5.000000|200.000000|0.900000|0.050000|0.080000|U15,5|1.000000|NA|NA",OOS PENDING,36,20,40,90
18,1,REPLAY_1,E0,Brighton – Man United,REPLAY,"U16,5",UNDER,16,READY,PASS,10.27195945945946,0.9007607192254518,0.9665614009277085,0.873015840041703,0.03343859907229152,0.027777777777777776,0,0.025,0.03343859907229152,11.345884897646716,1,80,OOS PENDING,NO,FAIL,2,PRUDENT,0.873015840041703,4,1,CONDITIONAL,0,,Exemplu retrospectiv; exclus din Top LIVE,"CORNERS_NATIVE_V14|0.300000|0.450000|0.250000|10.000000|5.000000|3.000000|1.100000|1.350000|1.700000|2.250000|0.820000|20.000000|0.720000|65.000000|0.000000|0.080000|0.120000|0.050000|75.000000|10.000000|5.000000|10.000000|5.000000|2.000000|2.000000|0.550000|0.200000|0.150000|0.100000|0.900000|90.000000|20.000000|1.100000|5.000000|200.000000|0.900000|0.050000|0.080000|U16,5|1.000000|NA|NA",OOS PENDING,36,20,40,90
19,1,REPLAY_1,E0,Brighton – Man United,REPLAY,"U17,5",UNDER,17,READY,PASS,10.27195945945946,0.9007607192254518,0.9819069423906173,0.8852846004412984,0.018093057609382734,0,0,0,0.018093057609382734,10.501880117186733,1,80,OOS PENDING,NO,FAIL,2,PRUDENT,0.8852846004412984,2,1,CONDITIONAL,0,,Exemplu retrospectiv; exclus din Top LIVE,"CORNERS_NATIVE_V14|0.300000|0.450000|0.250000|10.000000|5.000000|3.000000|1.100000|1.350000|1.700000|2.250000|0.820000|20.000000|0.720000|65.000000|0.000000|0.080000|0.120000|0.050000|75.000000|10.000000|5.000000|10.000000|5.000000|2.000000|2.000000|0.550000|0.200000|0.150000|0.100000|0.900000|90.000000|20.000000|1.100000|5.000000|200.000000|0.900000|0.050000|0.080000|U17,5|1.000000|NA|NA",OOS PENDING,36,20,40,90
20,2,REPLAY_2,E0,Burnley – Wolves,REPLAY,"O3,5",OVER,3,READY,PASS,9.471621621621622,1.0431201550387579,0.9848338521727148,0.8886185742090396,0.015166147827285203,0,0,0.025,0.025,11.997179155900069,1,91,PASS,NO,FAIL,2,PRUDENT,0.8886185742090396,2,1,YES,0,,Exemplu retrospectiv; exclus din Top LIVE,"CORNERS_NATIVE_V14|0.300000|0.450000|0.250000|10.000000|5.000000|3.000000|1.100000|1.350000|1.700000|2.250000|0.820000|20.000000|0.720000|65.000000|0.000000|0.080000|0.120000|0.050000|75.000000|10.000000|5.000000|10.000000|5.000000|2.000000|2.000000|0.550000|0.200000|0.150000|0.100000|0.900000|90.000000|20.000000|1.100000|5.000000|200.000000|0.900000|0.050000|0.080000|O3,5|1.000000|0.050000|0.080000",OOS PENDING,36,20,40,91
21,2,REPLAY_2,E0,Burnley – Wolves,REPLAY,"O4,5",OVER,4,READY,PASS,9.471621621621622,1.0431201550387579,0.9590104704917216,0.8679198426226394,0.04098952950827839,0.027777777777777776,0,0.075,0.075,14.747179155900069,1,81,OOS PENDING,NO,FAIL,2,PRUDENT,0.8679198426226394,5,1,CONDITIONAL,0,,Exemplu retrospectiv; exclus din Top LIVE,"CORNERS_NATIVE_V14|0.300000|0.450000|0.250000|10.000000|5.000000|3.000000|1.100000|1.350000|1.700000|2.250000|0.820000|20.000000|0.720000|65.000000|0.000000|0.080000|0.120000|0.050000|75.000000|10.000000|5.000000|10.000000|5.000000|2.000000|2.000000|0.550000|0.200000|0.150000|0.100000|0.900000|90.000000|20.000000|1.100000|5.000000|200.000000|0.900000|0.050000|0.080000|O4,5|1.000000|NA|NA",OOS PENDING,36,20,40,91
22,2,REPLAY_2,E0,Burnley – Wolves,REPLAY,"O5,5",OVER,5,READY,PASS,9.471621621621622,1.0431201550387579,0.9100926104371051,0.8287097318958616,0.0899073895628949,0.05555555555555555,0.1,0.125,0.125,17.49717915590007,1,81,OOS PENDING,NO,FAIL,2,PRUDENT,0.8287097318958616,7,1,CONDITIONAL,0,,Exemplu retrospectiv; exclus din Top LIVE,"CORNERS_NATIVE_V14|0.300000|0.450000|0.250000|10.000000|5.000000|3.000000|1.100000|1.350000|1.700000|2.250000|0.820000|20.000000|0.720000|65.000000|0.000000|0.080000|0.120000|0.050000|75.000000|10.000000|5.000000|10.000000|5.000000|2.000000|2.000000|0.550000|0.200000|0.150000|0.100000|0.900000|90.000000|20.000000|1.100000|5.000000|200.000000|0.900000|0.050000|0.080000|O5,5|1.000000|NA|NA",OOS PENDING,36,20,40,91
23,2,REPLAY_2,E0,Burnley – Wolves,REPLAY,"O6,5",OVER,6,READY,PASS,9.471621621621622,1.0431201550387579,0.8328707002743106,0.7668125098048737,0.16712929972568935,0.1111111111111111,0.2,0.175,0.2,21.62217915590007,2,81,OOS PENDING,NO,FAIL,2,PRUDENT,0.7668125098048737,10,1,CONDITIONAL,0,,Exemplu retrospectiv; exclus din Top LIVE,"CORNERS_NATIVE_V14|0.300000|0.450000|0.250000|10.000000|5.000000|3.000000|1.100000|1.350000|1.700000|2.250000|0.820000|20.000000|0.720000|65.000000|0.000000|0.080000|0.120000|0.050000|75.000000|10.000000|5.000000|10.000000|5.000000|2.000000|2.000000|0.550000|0.200000|0.150000|0.100000|0.900000|90.000000|20.000000|1.100000|5.000000|200.000000|0.900000|0.050000|0.080000|O6,5|1.000000|NA|NA",OOS PENDING,36,20,40,91
24,2,REPLAY_2,E0,Burnley – Wolves,REPLAY,"O7,5",OVER,7,READY,PASS,9.471621621621622,1.0431201550387579,0.7283825982799039,0.6830600716512569,0.2716174017200961,0.2777777777777778,0.25,0.275,0.2777777777777778,25.89995693367785,2,81,OOS PENDING,NO,FAIL,2,WATCH,0.6830600716512569,,0,NO,0,,P finala sub prag,"CORNERS_NATIVE_V14|0.300000|0.450000|0.250000|10.000000|5.000000|3.000000|1.100000|1.350000|1.700000|2.250000|0.820000|20.000000|0.720000|65.000000|0.000000|0.080000|0.120000|0.050000|75.000000|10.000000|5.000000|10.000000|5.000000|2.000000|2.000000|0.550000|0.200000|0.150000|0.100000|0.900000|90.000000|20.000000|1.100000|5.000000|200.000000|0.900000|0.050000|0.080000|O7,5|1.000000|NA|NA",OOS PENDING,36,20,40,91
25,2,REPLAY_2,E0,Burnley – Wolves,REPLAY,"O8,5",OVER,8,READY,PASS,9.471621621621622,1.0431201550387579,0.6046736275233505,0.5839011461413416,0.3953263724766495,0.3611111111111111,0.35,0.375,0.3953263724766495,32.3651296421158,2,81,OOS PENDING,NO,FAIL,2,WATCH,0.5839011461413416,,0,NO,0,,P finala sub prag,"CORNERS_NATIVE_V14|0.300000|0.450000|0.250000|10.000000|5.000000|3.000000|1.100000|1.350000|1.700000|2.250000|0.820000|20.000000|0.720000|65.000000|0.000000|0.080000|0.120000|0.050000|75.000000|10.000000|5.000000|10.000000|5.000000|2.000000|2.000000|0.550000|0.200000|0.150000|0.100000|0.900000|90.000000|20.000000|1.100000|5.000000|200.000000|0.900000|0.050000|0.080000|O8,5|1.000000|NA|NA",OOS PENDING,36,20,40,91
26,2,REPLAY_2,E0,Burnley – Wolves,REPLAY,"U10,5",UNDER,10,READY,PASS,9.471621621621622,1.0431201550387579,0.6488305649215592,0.6192951393128758,0.3511694350784408,0.3611111111111111,0.3,0.3,0.3611111111111111,30.48329026701118,2,81,OOS PENDING,NO,FAIL,2,WATCH,0.6192951393128758,,0,NO,0,,P finala sub prag,"CORNERS_NATIVE_V14|0.300000|0.450000|0.250000|10.000000|5.000000|3.000000|1.100000|1.350000|1.700000|2.250000|0.820000|20.000000|0.720000|65.000000|0.000000|0.080000|0.120000|0.050000|75.000000|10.000000|5.000000|10.000000|5.000000|2.000000|2.000000|0.550000|0.200000|0.150000|0.100000|0.900000|90.000000|20.000000|1.100000|5.000000|200.000000|0.900000|0.050000|0.080000|U10,5|1.000000|NA|NA",OOS PENDING,36,20,40,91
27,2,REPLAY_2,E0,Burnley – Wolves,REPLAY,"U11,5",UNDER,11,READY,PASS,9.471621621621622,1.0431201550387579,0.7550096600227494,0.7044029929912348,0.24499033997725062,0.2222222222222222,0.25,0.2,0.25,24.37217915590007,2,81,OOS PENDING,NO,FAIL,2,WATCH,0.7044029929912348,,0,NO,0,,P finala sub prag,"CORNERS_NATIVE_V14|0.300000|0.450000|0.250000|10.000000|5.000000|3.000000|1.100000|1.350000|1.700000|2.250000|0.820000|20.000000|0.720000|65.000000|0.000000|0.080000|0.120000|0.050000|75.000000|10.000000|5.000000|10.000000|5.000000|2.000000|2.000000|0.550000|0.200000|0.150000|0.100000|0.900000|90.000000|20.000000|1.100000|5.000000|200.000000|0.900000|0.050000|0.080000|U11,5|1.000000|NA|NA",OOS PENDING,36,20,40,91
28,2,REPLAY_2,E0,Burnley – Wolves,REPLAY,"U12,5",UNDER,12,READY,PASS,9.471621621621622,1.0431201550387579,0.8388170110998037,0.7715787752470475,0.16118298890019633,0.16666666666666666,0.15,0.125,0.16666666666666666,19.788845822566735,1,81,OOS PENDING,NO,FAIL,2,PRUDENT,0.7715787752470475,9,1,CONDITIONAL,0,,Exemplu retrospectiv; exclus din Top LIVE,"CORNERS_NATIVE_V14|0.300000|0.450000|0.250000|10.000000|5.000000|3.000000|1.100000|1.350000|1.700000|2.250000|0.820000|20.000000|0.720000|65.000000|0.000000|0.080000|0.120000|0.050000|75.000000|10.000000|5.000000|10.000000|5.000000|2.000000|2.000000|0.550000|0.200000|0.150000|0.100000|0.900000|90.000000|20.000000|1.100000|5.000000|200.000000|0.900000|0.050000|0.080000|U12,5|1.000000|NA|NA",OOS PENDING,36,20,40,91
29,2,REPLAY_2,E0,Burnley – Wolves,REPLAY,"U13,5",UNDER,13,READY,PASS,9.471621621621622,1.0431201550387579,0.8998778971392084,0.8205221284519325,0.1001221028607916,0.1388888888888889,0.05,0.05,0.1388888888888889,18.26106804478896,1,81,OOS PENDING,NO,FAIL,2,PRUDENT,0.8205221284519325,8,1,CONDITIONAL,0,,Exemplu retrospectiv; exclus din Top LIVE,"CORNERS_NATIVE_V14|0.300000|0.450000|0.250000|10.000000|5.000000|3.000000|1.100000|1.350000|1.700000|2.250000|0.820000|20.000000|0.720000|65.000000|0.000000|0.080000|0.120000|0.050000|75.000000|10.000000|5.000000|10.000000|5.000000|2.000000|2.000000|0.550000|0.200000|0.150000|0.100000|0.900000|90.000000|20.000000|1.100000|5.000000|200.000000|0.900000|0.050000|0.080000|U13,5|1.000000|NA|NA",OOS PENDING,36,20,40,91
30,2,REPLAY_2,E0,Burnley – Wolves,REPLAY,"U14,5",UNDER,14,READY,PASS,9.471621621621622,1.0431201550387579,0.9411882977425085,0.8536344800555076,0.05881170225749155,0.027777777777777776,0,0,0.05881170225749155,13.856822780062105,1,81,OOS PENDING,NO,FAIL,2,PRUDENT,0.8536344800555076,6,1,CONDITIONAL,0,,Exemplu retrospectiv; exclus din Top LIVE,"CORNERS_NATIVE_V14|0.300000|0.450000|0.250000|10.000000|5.000000|3.000000|1.100000|1.350000|1.700000|2.250000|0.820000|20.000000|0.720000|65.000000|0.000000|0.080000|0.120000|0.050000|75.000000|10.000000|5.000000|10.000000|5.000000|2.000000|2.000000|0.550000|0.200000|0.150000|0.100000|0.900000|90.000000|20.000000|1.100000|5.000000|200.000000|0.900000|0.050000|0.080000|U14,5|1.000000|NA|NA",OOS PENDING,36,20,40,91
31,2,REPLAY_2,E0,Burnley – Wolves,REPLAY,"U15,5",UNDER,15,READY,PASS,9.471621621621622,1.0431201550387579,0.9672733966459796,0.874542991081585,0.032726603354020445,0.027777777777777776,0,0,0.032726603354020445,12.422142340371193,1,81,OOS PENDING,NO,FAIL,2,PRUDENT,0.874542991081585,4,1,CONDITIONAL,0,,Exemplu retrospectiv; exclus din Top LIVE,"CORNERS_NATIVE_V14|0.300000|0.450000|0.250000|10.000000|5.000000|3.000000|1.100000|1.350000|1.700000|2.250000|0.820000|20.000000|0.720000|65.000000|0.000000|0.080000|0.120000|0.050000|75.000000|10.000000|5.000000|10.000000|5.000000|2.000000|2.000000|0.550000|0.200000|0.150000|0.100000|0.900000|90.000000|20.000000|1.100000|5.000000|200.000000|0.900000|0.050000|0.080000|U15,5|1.000000|NA|NA",OOS PENDING,36,20,40,91
32,2,REPLAY_2,E0,Burnley – Wolves,REPLAY,"U16,5",UNDER,16,READY,PASS,9.471621621621622,1.0431201550387579,0.9827151583194955,0.8869203351509916,0.01728484168050448,0.027777777777777776,0,0,0.027777777777777776,12.149956933677847,1,81,OOS PENDING,NO,FAIL,2,PRUDENT,0.8869203351509916,3,1,CONDITIONAL,0,,Exemplu retrospectiv; exclus din Top LIVE,"CORNERS_NATIVE_V14|0.300000|0.450000|0.250000|10.000000|5.000000|3.000000|1.100000|1.350000|1.700000|2.250000|0.820000|20.000000|0.720000|65.000000|0.000000|0.080000|0.120000|0.050000|75.000000|10.000000|5.000000|10.000000|5.000000|2.000000|2.000000|0.550000|0.200000|0.150000|0.100000|0.900000|90.000000|20.000000|1.100000|5.000000|200.000000|0.900000|0.050000|0.080000|U16,5|1.000000|NA|NA",OOS PENDING,36,20,40,91
33,2,REPLAY_2,E0,Burnley – Wolves,REPLAY,"U17,5",UNDER,17,READY,PASS,9.471621621621622,1.0431201550387579,0.9913186008926015,0.8938164245454647,0.008681399107398513,0.027777777777777776,0,0,0.027777777777777776,12.149956933677847,1,81,OOS PENDING,NO,FAIL,2,PRUDENT,0.8938164245454647,1,1,CONDITIONAL,0,,Exemplu retrospectiv; exclus din Top LIVE,"CORNERS_NATIVE_V14|0.300000|0.450000|0.250000|10.000000|5.000000|3.000000|1.100000|1.350000|1.700000|2.250000|0.820000|20.000000|0.720000|65.000000|0.000000|0.080000|0.120000|0.050000|75.000000|10.000000|5.000000|10.000000|5.000000|2.000000|2.000000|0.550000|0.200000|0.150000|0.100000|0.900000|90.000000|20.000000|1.100000|5.000000|200.000000|0.900000|0.050000|0.080000|U17,5|1.000000|NA|NA",OOS PENDING,36,20,40,91
34,3,REPLAY_3,E0,Crystal Palace – Arsenal,REPLAY,"O3,5",OVER,3,READY,PASS,9.505743243243243,1.3207885304659515,0.9725695938562594,0.8589284207736754,0.027430406143740593,0,0,0.025,0.027430406143740593,14.749014830936414,1,90,PASS,NO,FAIL,2,PRUDENT,0.8589284207736754,2,1,YES,0,,Exemplu retrospectiv; exclus din Top LIVE,"CORNERS_NATIVE_V14|0.300000|0.450000|0.250000|10.000000|5.000000|3.000000|1.100000|1.350000|1.700000|2.250000|0.820000|20.000000|0.720000|65.000000|0.000000|0.080000|0.120000|0.050000|75.000000|10.000000|5.000000|10.000000|5.000000|2.000000|2.000000|0.550000|0.200000|0.150000|0.100000|0.900000|90.000000|20.000000|1.100000|5.000000|200.000000|0.900000|0.050000|0.080000|O3,5|1.000000|0.050000|0.080000",OOS PENDING,36,20,40,90
35,3,REPLAY_3,E0,Crystal Palace – Arsenal,REPLAY,"O4,5",OVER,4,READY,PASS,9.505743243243243,1.3207885304659515,0.9367209822461907,0.831700504040538,0.06327901775380929,0.1111111111111111,0,0.05,0.1111111111111111,19.351453604141792,1,80,OOS PENDING,NO,FAIL,2,PRUDENT,0.831700504040538,5,1,CONDITIONAL,0,,Exemplu retrospectiv; exclus din Top LIVE,"CORNERS_NATIVE_V14|0.300000|0.450000|0.250000|10.000000|5.000000|3.000000|1.100000|1.350000|1.700000|2.250000|0.820000|20.000000|0.720000|65.000000|0.000000|0.080000|0.120000|0.050000|75.000000|10.000000|5.000000|10.000000|5.000000|2.000000|2.000000|0.550000|0.200000|0.150000|0.100000|0.900000|90.000000|20.000000|1.100000|5.000000|200.000000|0.900000|0.050000|0.080000|O4,5|1.000000|NA|NA",OOS PENDING,36,20,40,90
36,3,REPLAY_3,E0,Crystal Palace – Arsenal,REPLAY,"O5,5",OVER,5,READY,PASS,9.505743243243243,1.3207885304659515,0.878281235542573,0.7873140554254727,0.12171876445742702,0.16666666666666666,0,0.075,0.16666666666666666,22.407009159697346,2,80,OOS PENDING,NO,FAIL,2,PRUDENT,0.7873140554254727,7,1,CONDITIONAL,0,,Exemplu retrospectiv; exclus din Top LIVE,"CORNERS_NATIVE_V14|0.300000|0.450000|0.250000|10.000000|5.000000|3.000000|1.100000|1.350000|1.700000|2.250000|0.820000|20.000000|0.720000|65.000000|0.000000|0.080000|0.120000|0.050000|75.000000|10.000000|5.000000|10.000000|5.000000|2.000000|2.000000|0.550000|0.200000|0.150000|0.100000|0.900000|90.000000|20.000000|1.100000|5.000000|200.000000|0.900000|0.050000|0.080000|O5,5|1.000000|NA|NA",OOS PENDING,36,20,40,90
37,3,REPLAY_3,E0,Crystal Palace – Arsenal,REPLAY,"O6,5",OVER,6,READY,PASS,9.505743243243243,1.3207885304659515,0.7964949592143412,0.7251953338972725,0.2035050407856588,0.25,0.1,0.15,0.25,26.99034249303068,2,80,OOS PENDING,NO,FAIL,2,PRUDENT,0.7251953338972725,9,1,CONDITIONAL,0,,Exemplu retrospectiv; exclus din Top LIVE,"CORNERS_NATIVE_V14|0.300000|0.450000|0.250000|10.000000|5.000000|3.000000|1.100000|1.350000|1.700000|2.250000|0.820000|20.000000|0.720000|65.000000|0.000000|0.080000|0.120000|0.050000|75.000000|10.000000|5.000000|10.000000|5.000000|2.000000|2.000000|0.550000|0.200000|0.150000|0.100000|0.900000|90.000000|20.000000|1.100000|5.000000|200.000000|0.900000|0.050000|0.080000|O6,5|1.000000|NA|NA",OOS PENDING,36,20,40,90
38,3,REPLAY_3,E0,Crystal Palace – Arsenal,REPLAY,"O7,5",OVER,7,READY,PASS,9.505743243243243,1.3207885304659515,0.6955115579273944,0.6484959160348042,0.3044884420726056,0.3888888888888889,0.3,0.325,0.3888888888888889,34.629231381919574,2,80,OOS PENDING,NO,FAIL,2,WATCH,0.6111111111111112,,0,NO,0,,P finala sub prag,"CORNERS_NATIVE_V14|0.300000|0.450000|0.250000|10.000000|5.000000|3.000000|1.100000|1.350000|1.700000|2.250000|0.820000|20.000000|0.720000|65.000000|0.000000|0.080000|0.120000|0.050000|75.000000|10.000000|5.000000|10.000000|5.000000|2.000000|2.000000|0.550000|0.200000|0.150000|0.100000|0.900000|90.000000|20.000000|1.100000|5.000000|200.000000|0.900000|0.050000|0.080000|O7,5|1.000000|NA|NA",OOS PENDING,36,20,40,90
39,3,REPLAY_3,E0,Crystal Palace – Arsenal,REPLAY,"O8,5",OVER,8,READY,PASS,9.505743243243243,1.3207885304659515,0.5833046324195393,0.5632719509384506,0.41669536758046066,0.5,0.4,0.4,0.5,40.74034249303068,3,80,OOS PENDING,NO,FAIL,3,WATCH,0.5,,0,NO,0,,P finala sub prag,"CORNERS_NATIVE_V14|0.300000|0.450000|0.250000|10.000000|5.000000|3.000000|1.100000|1.350000|1.700000|2.250000|0.820000|20.000000|0.720000|65.000000|0.000000|0.080000|0.120000|0.050000|75.000000|10.000000|5.000000|10.000000|5.000000|2.000000|2.000000|0.550000|0.200000|0.150000|0.100000|0.900000|90.000000|20.000000|1.100000|5.000000|200.000000|0.900000|0.050000|0.080000|O8,5|1.000000|NA|NA",OOS PENDING,36,20,40,90
40,3,REPLAY_3,E0,Crystal Palace – Arsenal,REPLAY,"U10,5",UNDER,10,READY,PASS,9.505743243243243,1.3207885304659515,0.637434146611185,0.6043846702048603,0.362565853388815,0.3333333333333333,0.45,0.375,0.45,37.99034249303068,2,80,OOS PENDING,NO,FAIL,2,WATCH,0.55,,0,NO,0,,P finala sub prag,"CORNERS_NATIVE_V14|0.300000|0.450000|0.250000|10.000000|5.000000|3.000000|1.100000|1.350000|1.700000|2.250000|0.820000|20.000000|0.720000|65.000000|0.000000|0.080000|0.120000|0.050000|75.000000|10.000000|5.000000|10.000000|5.000000|2.000000|2.000000|0.550000|0.200000|0.150000|0.100000|0.900000|90.000000|20.000000|1.100000|5.000000|200.000000|0.900000|0.050000|0.080000|U10,5|1.000000|NA|NA",OOS PENDING,36,20,40,90
41,3,REPLAY_3,E0,Crystal Palace – Arsenal,REPLAY,"U11,5",UNDER,11,READY,PASS,9.505743243243243,1.3207885304659515,0.7309474627618129,0.675410371654166,0.2690525372381871,0.2222222222222222,0.3,0.275,0.3,29.74034249303068,2,80,OOS PENDING,NO,FAIL,2,WATCH,0.675410371654166,,0,NO,0,,P finala sub prag,"CORNERS_NATIVE_V14|0.300000|0.450000|0.250000|10.000000|5.000000|3.000000|1.100000|1.350000|1.700000|2.250000|0.820000|20.000000|0.720000|65.000000|0.000000|0.080000|0.120000|0.050000|75.000000|10.000000|5.000000|10.000000|5.000000|2.000000|2.000000|0.550000|0.200000|0.150000|0.100000|0.900000|90.000000|20.000000|1.100000|5.000000|200.000000|0.900000|0.050000|0.080000|U11,5|1.000000|NA|NA",OOS PENDING,36,20,40,90
42,3,REPLAY_3,E0,Crystal Palace – Arsenal,REPLAY,"U12,5",UNDER,12,READY,PASS,9.505743243243243,1.3207885304659515,0.8078890118662738,0.7338494017377316,0.19211098813372618,0.16666666666666666,0.3,0.225,0.3,29.74034249303068,2,80,OOS PENDING,NO,FAIL,2,WATCH,0.7,,0,NO,0,,P finala sub prag,"CORNERS_NATIVE_V14|0.300000|0.450000|0.250000|10.000000|5.000000|3.000000|1.100000|1.350000|1.700000|2.250000|0.820000|20.000000|0.720000|65.000000|0.000000|0.080000|0.120000|0.050000|75.000000|10.000000|5.000000|10.000000|5.000000|2.000000|2.000000|0.550000|0.200000|0.150000|0.100000|0.900000|90.000000|20.000000|1.100000|5.000000|200.000000|0.900000|0.050000|0.080000|U12,5|1.000000|NA|NA",OOS PENDING,36,20,40,90
43,3,REPLAY_3,E0,Crystal Palace – Arsenal,REPLAY,"U13,5",UNDER,13,READY,PASS,9.505743243243243,1.3207885304659515,0.8677822182157632,0.7793397892903275,0.13221778178423682,0.1111111111111111,0.1,0.1,0.13221778178423682,20.512320491163706,2,80,OOS PENDING,NO,FAIL,2,PRUDENT,0.7793397892903275,8,1,CONDITIONAL,0,,Exemplu retrospectiv; exclus din Top LIVE,"CORNERS_NATIVE_V14|0.300000|0.450000|0.250000|10.000000|5.000000|3.000000|1.100000|1.350000|1.700000|2.250000|0.820000|20.000000|0.720000|65.000000|0.000000|0.080000|0.120000|0.050000|75.000000|10.000000|5.000000|10.000000|5.000000|2.000000|2.000000|0.550000|0.200000|0.150000|0.100000|0.900000|90.000000|20.000000|1.100000|5.000000|200.000000|0.900000|0.050000|0.080000|U13,5|1.000000|NA|NA",OOS PENDING,36,20,40,90
44,3,REPLAY_3,E0,Crystal Palace – Arsenal,REPLAY,"U14,5",UNDER,14,READY,PASS,9.505743243243243,1.3207885304659515,0.9121271418521499,0.8130208674152541,0.08787285814785006,0.1111111111111111,0.1,0.075,0.1111111111111111,19.351453604141792,1,80,OOS PENDING,NO,FAIL,2,PRUDENT,0.8130208674152541,6,1,CONDITIONAL,0,,Exemplu retrospectiv; exclus din Top LIVE,"CORNERS_NATIVE_V14|0.300000|0.450000|0.250000|10.000000|5.000000|3.000000|1.100000|1.350000|1.700000|2.250000|0.820000|20.000000|0.720000|65.000000|0.000000|0.080000|0.120000|0.050000|75.000000|10.000000|5.000000|10.000000|5.000000|2.000000|2.000000|0.550000|0.200000|0.150000|0.100000|0.900000|90.000000|20.000000|1.100000|5.000000|200.000000|0.900000|0.050000|0.080000|U14,5|1.000000|NA|NA",OOS PENDING,36,20,40,90
45,3,REPLAY_3,E0,Crystal Palace – Arsenal,REPLAY,"U15,5",UNDER,15,READY,PASS,9.505743243243243,1.3207885304659515,0.9434987370816682,0.836848378281954,0.056501262918331796,0.08333333333333333,0,0.025,0.08333333333333333,17.823675826364013,1,80,OOS PENDING,NO,FAIL,2,PRUDENT,0.836848378281954,4,1,CONDITIONAL,0,,Exemplu retrospectiv; exclus din Top LIVE,"CORNERS_NATIVE_V14|0.300000|0.450000|0.250000|10.000000|5.000000|3.000000|1.100000|1.350000|1.700000|2.250000|0.820000|20.000000|0.720000|65.000000|0.000000|0.080000|0.120000|0.050000|75.000000|10.000000|5.000000|10.000000|5.000000|2.000000|2.000000|0.550000|0.200000|0.150000|0.100000|0.900000|90.000000|20.000000|1.100000|5.000000|200.000000|0.900000|0.050000|0.080000|U15,5|1.000000|NA|NA",OOS PENDING,36,20,40,90
46,3,REPLAY_3,E0,Crystal Palace – Arsenal,REPLAY,"U16,5",UNDER,16,READY,PASS,9.505743243243243,1.3207885304659515,0.9647877995861486,0.8530179534806694,0.035212200413851424,0.027777777777777776,0,0,0.035212200413851424,15.17701351579251,1,80,OOS PENDING,NO,FAIL,2,PRUDENT,0.8530179534806694,3,1,CONDITIONAL,0,,Exemplu retrospectiv; exclus din Top LIVE,"CORNERS_NATIVE_V14|0.300000|0.450000|0.250000|10.000000|5.000000|3.000000|1.100000|1.350000|1.700000|2.250000|0.820000|20.000000|0.720000|65.000000|0.000000|0.080000|0.120000|0.050000|75.000000|10.000000|5.000000|10.000000|5.000000|2.000000|2.000000|0.550000|0.200000|0.150000|0.100000|0.900000|90.000000|20.000000|1.100000|5.000000|200.000000|0.900000|0.050000|0.080000|U16,5|1.000000|NA|NA",OOS PENDING,36,20,40,90
47,3,REPLAY_3,E0,Crystal Palace – Arsenal,REPLAY,"U17,5",UNDER,17,READY,PASS,9.505743243243243,1.3207885304659515,0.9786930997819769,0.863579376611906,0.02130690021802306,0.027777777777777776,0,0,0.027777777777777776,14.76812027080846,1,80,OOS PENDING,NO,FAIL,2,PRUDENT,0.863579376611906,1,1,CONDITIONAL,0,,Exemplu retrospectiv; exclus din Top LIVE,"CORNERS_NATIVE_V14|0.300000|0.450000|0.250000|10.000000|5.000000|3.000000|1.100000|1.350000|1.700000|2.250000|0.820000|20.000000|0.720000|65.000000|0.000000|0.080000|0.120000|0.050000|75.000000|10.000000|5.000000|10.000000|5.000000|2.000000|2.000000|0.550000|0.200000|0.150000|0.100000|0.900000|90.000000|20.000000|1.100000|5.000000|200.000000|0.900000|0.050000|0.080000|U17,5|1.000000|NA|NA",OOS PENDING,36,20,40,90
