sheet,header_row,column,name,range,type_inferred,source,formula_cells,literal_cells,example_formula,example_cell,example_cached,number_format
Dashboard,10,A,Rang,A11:A20,Număr întreg,Rezultat formulă,10,0,"=IF(IFERROR(MATCH(1,$P$26:$P$125,0),0)=0,"""",1)",A11,,General
Dashboard,10,B,Meci,B11:B20,Text,Rezultat formulă,10,0,"=IF(A11="""","""",INDEX($B$26:$B$125,MATCH(A11,$P$26:$P$125,0)))",B11,,General
Dashboard,10,C,Linie,C11:C20,Text,Rezultat formulă,10,0,"=IF(A11="""","""",INDEX($F$26:$F$125,MATCH(A11,$P$26:$P$125,0)))",C11,,General
Dashboard,10,D,P finală,D11:D20,Float probabilitate 0–1,Rezultat formulă,10,0,"=IF(A11="""","""",INDEX($H$26:$H$125,MATCH(A11,$P$26:$P$125,0)))",D11,,0.0%
Dashboard,10,E,Risk Level,E11:E20,Număr întreg,Rezultat formulă,10,0,"=IF(A11="""","""",INDEX($L$26:$L$125,MATCH(A11,$P$26:$P$125,0)))",E11,,General
Dashboard,10,F,Verdict,F11:F20,Text,Rezultat formulă,10,0,"=IF(A11="""","""",INDEX($G$26:$G$125,MATCH(A11,$P$26:$P$125,0)))",F11,,General
Dashboard,10,G,Confidence,G11:G20,Număr întreg,Rezultat formulă,10,0,"=IF(A11="""","""",INDEX($M$26:$M$125,MATCH(A11,$P$26:$P$125,0)))",G11,,General
Dashboard,10,H,Motiv,H11:H20,Text,Rezultat formulă,10,0,"=IF(A11="""","""",INDEX($I$26:$I$125,MATCH(A11,$P$26:$P$125,0)))",H11,,General
Dashboard,25,A,Match_ID,A26:A125,Text,Rezultat formulă,100,0,"=IF('Motor_Meciuri'!A6="""","""",'Motor_Meciuri'!A6)",A26,REPLAY_1,General
Dashboard,25,B,Meci,B26:B125,Text,Rezultat formulă,100,0,"=IF('Motor_Meciuri'!A6="""","""",'Motor_Meciuri'!D6)",B26,Brighton – Man United,General
Dashboard,25,C,Mod,C26:C125,Text,Rezultat formulă,100,0,"=IF('Motor_Meciuri'!A6="""","""",'Motor_Meciuri'!E6)",C26,REPLAY,General
Dashboard,25,D,Release,D26:D125,Text,Rezultat formulă,100,0,"=IF('Motor_Meciuri'!A6="""","""",'Motor_Meciuri'!H6)",D26,READY,General
Dashboard,25,E,G0,E26:E125,Text,Rezultat formulă,100,0,"=IF('Motor_Meciuri'!A6="""","""",'Motor_Meciuri'!I6)",E26,PASS,General
Dashboard,25,F,Linie selectată,F26:F125,Text,Rezultat formulă,100,0,"=IF(K26=0,"""",INDEX('Analiza_Linii'!F6:F19,K26))",F26,"O3,5",General
Dashboard,25,G,Verdict,G26:G125,Text,Rezultat formulă,100,0,"=IF(A26="""","""",IF(D26<>""READY"",""NOT RELEASED"",IF(K26=0,IF(E26=""FAIL"",""NO BET"",""WATCH / NO BET""),INDEX('Analiza_Linii'!AA6:AA19,K26))))",G26,PRUDENT,General
Dashboard,25,H,P finală,H26:H125,Float probabilitate 0–1,Rezultat formulă,100,0,"=IF(K26=0,"""",INDEX('Analiza_Linii'!AB6:AB19,K26))",H26,0.8929839161391997,0.0%
Dashboard,25,I,Motiv,I26:I125,Text,Rezultat formulă,100,0,"=IF(A26="""","""",IF(E26<>""PASS"",'Motor_Meciuri'!J6,IF(K26=0,""Nicio linie eligibila; vezi motivele din Analiza_Linii"",INDEX('Analiza_Linii'!AH6:AH19,K26))))",I26,Exemplu retrospectiv; exclus din Top LIVE,General
Dashboard,25,K,Index linie,K26:K125,Număr întreg,Rezultat formulă,100,0,"=IF(A26="""",0,IFERROR(MATCH(1,'Analiza_Linii'!AC6:AC19,0),0))",K26,1,General
Dashboard,25,L,Risk Level,L26:L125,Număr întreg,Rezultat formulă,100,0,"=IF(K26=0,"""",INDEX('Analiza_Linii'!Z6:Z19,K26))",L26,2,General
Dashboard,25,M,Confidence,M26:M125,Număr întreg,Rezultat formulă,100,0,"=IF(K26=0,"""",INDEX('Analiza_Linii'!V6:V19,K26))",M26,90,General
Dashboard,25,N,Risk Score,N26:N125,Float,Rezultat formulă,100,0,"=IF(K26=0,"""",INDEX('Analiza_Linii'!T6:T19,K26))",N26,9.972221126086591,General
Dashboard,25,O,LIVE eligibil,O26:O125,Număr întreg,Rezultat formulă,100,0,"=IF(AND(C26=""LIVE"",K26>0),1,0)",O26,0,General
Dashboard,25,P,Rank LIVE,P26:P125,Număr întreg,Rezultat formulă,100,0,"=IF(O26<>1,"""",COUNTIFS($O$26:$O$125,1,$L$26:$L$125,""<""&L26)+COUNTIFS($O$26:$O$125,1,$L$26:$L$125,L26,$H$26:$H$125,"">""&H26)+COUNTIFS($O$26:$O$125,1,$L$26:$L$125,L26,$H$26:$H$125,H26,$M$26:$M$125,"">""&M26)+COUNTIFS($O$26:O26,1,$L$26:L26,L26,$H$26:H26,H26,$M$26:M26,M26))",P26,,General
Analiza_Linii,5,A,Slot,A6:A1405,Număr întreg,Input sau constantă literală,0,1400,,A6,1,General
Analiza_Linii,5,B,Match_ID,B6:B1405,Text,Rezultat formulă,1400,0,"=IF('Motor_Meciuri'!A6="""","""",'Motor_Meciuri'!A6)",B6,REPLAY_1,General
Analiza_Linii,5,C,League,C6:C1405,Text,Rezultat formulă,1400,0,"=IF(B6="""","""",'Motor_Meciuri'!B6)",C6,E0,General
Analiza_Linii,5,D,Match,D6:D1405,Text,Rezultat formulă,1400,0,"=IF(B6="""","""",'Motor_Meciuri'!D6)",D6,Brighton – Man United,General
Analiza_Linii,5,E,Mode,E6:E1405,Text,Rezultat formulă,1400,0,"=IF(B6="""","""",'Motor_Meciuri'!E6)",E6,REPLAY,General
Analiza_Linii,5,F,Line,F6:F1405,Text,Input sau constantă literală,0,1400,,F6,"O3,5",General
Analiza_Linii,5,G,Type,G6:G1405,Text,Input sau constantă literală,0,1400,,G6,OVER,General
Analiza_Linii,5,H,k,H6:H1405,Număr întreg,Input sau constantă literală,0,1400,,H6,3,General
Analiza_Linii,5,I,Release,I6:I1405,Text,Rezultat formulă,1400,0,"=IF(B6="""","""",'Motor_Meciuri'!H6)",I6,READY,General
Analiza_Linii,5,J,G0,J6:J1405,Text,Rezultat formulă,1400,0,"=IF(B6="""","""",'Motor_Meciuri'!I6)",J6,PASS,General
Analiza_Linii,5,K,Mu,K6:K1405,Float,Rezultat formulă,1400,0,"=IF(J6<>""PASS"","""",'Motor_Meciuri'!BD6)",K6,10.27195945945946,0.00
Analiza_Linii,5,L,D,L6:L1405,Float,Rezultat formulă,1400,0,"=IF(J6<>""PASS"","""",'Motor_Meciuri'!AU6)",L6,0.9007607192254518,0.00
Analiza_Linii,5,M,P_Raw,M6:M1405,Float probabilitate 0–1,Rezultat formulă,1400,0,"=IF(NOT(AND(J6=""PASS"",'Calibrare_Linii'!U6=""VALID"")),"""",1-'Distributie'!AA6)",M6,0.9915371058651653,0.0%
Analiza_Linii,5,N,P_Calibrated,N6:N1405,Float probabilitate 0–1,Rezultat formulă,1400,0,"=IF(M6="""","""",MAX(0.01,MIN(0.99,0.5+(M6-0.5)*'Motor_Meciuri'!BG6*'Calibrare_Linii'!D6)))",N6,0.8929839161391997,0.0%
Analiza_Linii,5,O,Failure_Model,O6:O1405,Float probabilitate 0–1,Rezultat formulă,1400,0,"=IF(M6="""","""",1-M6)",O6,0.008462894134834698,0.0%
Analiza_Linii,5,P,Empirical_HA,P6:P1405,Float probabilitate 0–1,Rezultat formulă,1400,0,"=IF(OR(NOT(AND(J6=""PASS"",'Calibrare_Linii'!U6=""VALID"")),AK6=0),"""",SUMPRODUCT(('Istoric_Nativ'!$B$6:$B$405='Input_Meci'!B6)*('Istoric_Nativ'!$C$6:$C$405='Input_Meci'!C6)*('Istoric_Nativ'!$P$6:$P$405=1)*('Istoric_Nativ'!$D$6:$D$405<INT('Input_Meci'!G6))*((('Istoric_Nativ'!$E$6:$E$405='Input_Meci'!D6)+('Istoric_Nativ'!$F$6:$F$405='Input_Meci'!E6))>0)*('Istoric_Nativ'!$Q$6:$Q$405<=H6))/AK6)",P6,0,0.0%
Analiza_Linii,5,Q,Empirical_L10,Q6:Q1405,Float probabilitate 0–1,Rezultat formulă,1400,0,"=IF(OR(NOT(AND(J6=""PASS"",'Calibrare_Linii'!U6=""VALID"")),AL6=0),"""",SUMPRODUCT(('Istoric_Nativ'!$B$6:$B$405='Input_Meci'!B6)*('Istoric_Nativ'!$C$6:$C$405='Input_Meci'!C6)*('Istoric_Nativ'!$P$6:$P$405=1)*('Istoric_Nativ'!$D$6:$D$405<INT('Input_Meci'!G6))*((((('Istoric_Nativ'!$E$6:$E$405='Input_Meci'!D6)+('Istoric_Nativ'!$F$6:$F$405='Input_Meci'!D6))>0)*('Istoric_Nativ'!$D$6:$D$405>='Motor_Meciuri'!BM6)+((('Istoric_Nativ'!$E$6:$E$405='Input_Meci'!E6)+('Istoric_Nativ'!$F$6:$F$405='Input_Meci'!E6))>0)*('Istoric_Nativ'!$D$6:$D$405>='Motor_Meciuri'!BN6))>0)*('Istoric_Nativ'!$Q$6:$Q$405<=H6))/AL6)",Q6,0,0.0%
Analiza_Linii,5,R,Empirical_L20,R6:R1405,Float probabilitate 0–1,Rezultat formulă,1400,0,"=IF(OR(NOT(AND(J6=""PASS"",'Calibrare_Linii'!U6=""VALID"")),AM6=0),"""",SUMPRODUCT(('Istoric_Nativ'!$B$6:$B$405='Input_Meci'!B6)*('Istoric_Nativ'!$C$6:$C$405='Input_Meci'!C6)*('Istoric_Nativ'!$P$6:$P$405=1)*('Istoric_Nativ'!$D$6:$D$405<INT('Input_Meci'!G6))*((((('Istoric_Nativ'!$E$6:$E$405='Input_Meci'!D6)+('Istoric_Nativ'!$F$6:$F$405='Input_Meci'!D6))>0)*('Istoric_Nativ'!$D$6:$D$405>='Motor_Meciuri'!BO6)+((('Istoric_Nativ'!$E$6:$E$405='Input_Meci'!E6)+('Istoric_Nativ'!$F$6:$F$405='Input_Meci'!E6))>0)*('Istoric_Nativ'!$D$6:$D$405>='Motor_Meciuri'!BP6))>0)*('Istoric_Nativ'!$Q$6:$Q$405<=H6))/AM6)",R6,0,0.0%
Analiza_Linii,5,S,Failure_Gate,S6:S1405,Float probabilitate 0–1,Rezultat formulă,1400,0,"=IF(M6="""","""",MAX(O6,P6,Q6,R6))",S6,0.008462894134834698,0.0%
Analiza_Linii,5,T,Risk_Score,T6:T1405,Float,Rezultat formulă,1400,0,"=IF(M6="""","""",MIN(100,S6*100*'Config_v6'!$B$44+MIN(100,L6/'Config_v6'!$B$13*100)*'Config_v6'!$B$45+(100-'Motor_Meciuri'!BF6)*'Config_v6'!$B$46+'Motor_Meciuri'!BH6*100*'Config_v6'!$B$47))",T6,9.972221126086591,0.00
Analiza_Linii,5,U,Risk_Level_Raw,U6:U1405,Număr întreg,Rezultat formulă,1400,0,"=IF(T6="""","""",IF(T6<=20,1,IF(T6<=40,2,IF(T6<=60,3,IF(T6<=80,4,5)))))",U6,1,General
Analiza_Linii,5,V,Confidence_Final,V6:V1405,Număr întreg,Rezultat formulă,1400,0,"=IF(M6="""","""",MAX(0,'Motor_Meciuri'!BF6-IF(W6=""OOS PENDING"",'Config_v6'!$B$35,0)-IF(L6>'Config_v6'!$B$12,'Config_v6'!$B$37,IF(L6>'Config_v6'!$B$11,'Config_v6'!$B$36,0))))",V6,90,General
Analiza_Linii,5,W,Tail_Gate,W6:W1405,Text,Rezultat formulă,1400,0,"=IF(B6="""","""",IF(I6<>""READY"",""NOT RELEASED"",IF(NOT(AND(J6=""PASS"",'Calibrare_Linii'!U6=""VALID"")),""INVALID"",IF(NOT(TRUE),""OOS PENDING"",IF(S6<=IF(AND('Calibrare_Linii'!S6=""VALIDATED"",AND('Calibrare_Linii'!H6=C6,ISNUMBER('Calibrare_Linii'!J6),'Calibrare_Linii'!J6<='Input_Meci'!G6)),'Calibrare_Linii'!E6,'Config_v6'!$B$26),""PASS"",IF(S6<=IF(AND('Calibrare_Linii'!S6=""VALIDATED"",AND('Calibrare_Linii'!H6=C6,ISNUMBER('Calibrare_Linii'!J6),'Calibrare_Linii'!J6<='Input_Meci'!G6)),'Calibrare_Linii'!F6,'Config_v6'!$C$26),""PENALTY"",""WATCH""))))))",W6,PASS,General
Analiza_Linii,5,X,Defensive_Candidate,X6:X1405,Text,Rezultat formulă,1400,0,"=IF(M6="""","""",IF(AND(AND(J6=""PASS"",'Calibrare_Linii'!U6=""VALID""),'Motor_Meciuri'!K6=12,'Motor_Meciuri'!L6=12,'Motor_Meciuri'!M6=""NO"",'Motor_Meciuri'!BL6='Motor_Meciuri'!C6,AB6>='Config_v6'!$B$50,AN6>='Config_v6'!$B$51,T6<='Config_v6'!$B$52,L6<='Config_v6'!$B$53,ISNUMBER('Calibrare_Linii'!E6),S6<='Calibrare_Linii'!E6,SUM(AK6:AM6)>0),""CANDIDATE"",""NO""))",X6,NO,General
Analiza_Linii,5,Y,Defensive_Gate,Y6:Y1405,Text,Rezultat formulă,1400,0,"=IF(B6="""","""",IF(I6<>""READY"",""NOT RELEASED"",IF(AND(X6=""CANDIDATE"",V6>='Config_v6'!$B$51,W6=""PASS"",'Calibrare_Linii'!T6=""VALIDATED"",AND('Calibrare_Linii'!H6=C6,ISNUMBER('Calibrare_Linii'!J6),'Calibrare_Linii'!J6<='Input_Meci'!G6)),""PASS"",IF(X6=""CANDIDATE"",""OOS PENDING"",""FAIL""))))",Y6,FAIL,General
Analiza_Linii,5,Z,Risk_Level_FINAL,Z6:Z1405,Număr întreg,Rezultat formulă,1400,0,"=IF(B6="""","""",IF(I6<>""READY"","""",IF(OR(NOT(AND(J6=""PASS"",'Calibrare_Linii'!U6=""VALID"")),L6>'Config_v6'!$B$13,W6=""WATCH""),5,IF(Y6=""PASS"",1,MIN(5,MAX('Config_v6'!$B$42,U6)+IF(W6=""PENALTY"",1,0))))))",Z6,2,General
Analiza_Linii,5,AA,Verdict_FINAL,AA6:AA1405,Text,Rezultat formulă,1400,0,"=IF(B6="""","""",IF(I6<>""READY"",""NOT RELEASED"",IF(Z6=5,""NO BET"",IF(OR(AB6<'Config_v6'!$B$16,V6<'Config_v6'!$B$18),""WATCH"",IF(Z6=1,""DEFENSIV"",IF(Z6=2,""PRUDENT"",IF(Z6=3,""MODERAT"",""RIDICAT"")))))))",AA6,PRUDENT,General
Analiza_Linii,5,AB,P_FINAL,AB6:AB1405,Float probabilitate 0–1,Rezultat formulă,1400,0,"=IF(N6="""","""",MIN(N6,1-S6))",AB6,0.8929839161391997,0.0%
Analiza_Linii,5,AC,Rank_In_Match,AC6:AC1405,Număr întreg,Rezultat formulă,1400,0,"=IF(AD6<>1,"""",COUNTIFS($Z$6:$Z$19,""<""&Z6,$AD$6:$AD$19,1)+COUNTIFS($Z$6:$Z$19,Z6,$AB$6:$AB$19,"">""&AB6,$AD$6:$AD$19,1)+COUNTIFS($Z$6:$Z$19,Z6,$AB$6:$AB$19,AB6,$V$6:$V$19,"">""&V6,$AD$6:$AD$19,1)+COUNTIFS($Z$6:Z6,Z6,$AB$6:AB6,AB6,$V$6:V6,V6,$AD$6:AD6,1))",AC6,1,General
Analiza_Linii,5,AD,Eligible,AD6:AD1405,Număr întreg,Rezultat formulă,1400,0,"=IF(OR(AA6=""DEFENSIV"",AA6=""PRUDENT"",AA6=""MODERAT"",AA6=""RIDICAT""),1,0)",AD6,1,General
Analiza_Linii,5,AE,Builder,AE6:AE1405,Text,Rezultat formulă,1400,0,"=IF(AD6<>1,""NO"",IF(W6=""PASS"",""YES"",IF(W6=""OOS PENDING"",""CONDITIONAL"",""NO"")))",AE6,YES,General
Analiza_Linii,5,AF,Live_Eligible_Best,AF6:AF1405,Număr întreg,Rezultat formulă,1400,0,"=IF(AND(AD6=1,AC6=1,E6=""LIVE""),1,0)",AF6,0,General
Analiza_Linii,5,AG,Rank_LIVE,AG6:AG1405,Număr întreg,Rezultat formulă,1400,0,"=IF(AF6<>1,"""",'Dashboard'!P26)",AG6,,General
Analiza_Linii,5,AH,Reason,AH6:AH1405,Text,Rezultat formulă,1400,0,"=IF(B6="""","""",IF(J6<>""PASS"",'Motor_Meciuri'!J6,IF('Calibrare_Linii'!U6<>""VALID"",""Parametri linie invalizi"",IF(L6>'Config_v6'!$B$13,""Dispersie peste limita"",IF(W6=""WATCH"",""Failure peste limita"",IF(AB6<'Config_v6'!$B$16,""P finala sub prag"",IF(V6<'Config_v6'!$B$18,""Confidence sub prag"",IF(E6=""REPLAY"",""Exemplu retrospectiv; exclus din Top LIVE"",IF(Y6=""PASS"",""DEFENSIV validat"",IF(W6=""OOS PENDING"",""Eligibil; calibrare linie in monitorizare"",""Eligibil""))))))))))",AH6,Exemplu retrospectiv; exclus din Top LIVE,General
Analiza_Linii,5,AI,Model_Signature,AI6:AI1405,Text,Rezultat formulă,1400,0,"=IF(B6="""","""",'Calibrare_Linii'!V6)",AI6,"CORNERS_NATIVE_V14|0.300000|0.450000|0.250000|10.000000|5.000000|3.000000|1.100000|1.350000|1.700000|2.250000|0.820000|20.000000|0.720000|65.000000|0.000000|0.080000|0.120000|0.050000|75.000000|10.000000|5.000000|10.000000|5.000000|2.000000|2.000000|0.550000|0.200000|0.150000|0.100000|0.900000|90.000000|20.000000|1.100000|5.000000|200.000000|0.900000|0.050000|0.080000|O3,5|1.000000|0.050000|0.080000",General
Analiza_Linii,5,AJ,OOS_Status,AJ6:AJ1405,Text,Rezultat formulă,1400,0,"=IF(B6="""","""",IF(AND('Calibrare_Linii'!T6=""VALIDATED"",AND('Calibrare_Linii'!H6=C6,ISNUMBER('Calibrare_Linii'!J6),'Calibrare_Linii'!J6<='Input_Meci'!G6)),""DEFENSIVE VALIDATED"",IF(AND('Calibrare_Linii'!S6=""VALIDATED"",AND('Calibrare_Linii'!H6=C6,ISNUMBER('Calibrare_Linii'!J6),'Calibrare_Linii'!J6<='Input_Meci'!G6)),""TAIL VALIDATED"",""OOS PENDING"")))",AJ6,OOS PENDING,General
Analiza_Linii,5,AK,N_HA_Empirical,AK6:AK1405,Număr întreg,Rezultat formulă,1400,0,"=IF(J6<>""PASS"",0,'Motor_Meciuri'!BR6)",AK6,36,General
Analiza_Linii,5,AL,N_L10_Empirical,AL6:AL1405,Număr întreg,Rezultat formulă,1400,0,"=IF(J6<>""PASS"",0,'Motor_Meciuri'!BS6)",AL6,20,General
Analiza_Linii,5,AM,N_L20_Empirical,AM6:AM1405,Număr întreg,Rezultat formulă,1400,0,"=IF(J6<>""PASS"",0,'Motor_Meciuri'!BT6)",AM6,40,General
Analiza_Linii,5,AN,Candidate_Confidence,AN6:AN1405,Număr întreg,Rezultat formulă,1400,0,"=IF(M6="""","""",MAX(0,'Motor_Meciuri'!BF6-IF(L6>'Config_v6'!$B$12,'Config_v6'!$B$37,IF(L6>'Config_v6'!$B$11,'Config_v6'!$B$36,0))))",AN6,90,General
Motor_Meciuri,5,A,Match_ID,A6:A105,Text,Rezultat formulă,100,0,"=IF('Input_Meci'!A6="""","""",'Input_Meci'!A6)",A6,REPLAY_1,General
Motor_Meciuri,5,B,League,B6:B105,Text,Rezultat formulă,100,0,"=IF(A6="""","""",'Input_Meci'!B6)",B6,E0,General
Motor_Meciuri,5,C,Season,C6:C105,Text,Rezultat formulă,100,0,"=IF(A6="""","""",'Input_Meci'!C6)",C6,2025/26,General
Motor_Meciuri,5,D,Match,D6:D105,Text,Rezultat formulă,100,0,"=IF(A6="""","""",'Input_Meci'!D6&"" – ""&'Input_Meci'!E6)",D6,Brighton – Man United,General
Motor_Meciuri,5,E,Mode,E6:E105,Text,Rezultat formulă,100,0,"=IF(A6="""","""",'Input_Meci'!H6)",E6,REPLAY,General
Motor_Meciuri,5,F,Kickoff_UTC,F6:F105,Dată UTC / serial Excel; unele formule pot întoarce 0,Rezultat formulă,100,0,"=IF(A6="""","""",'Input_Meci'!F6)",F6,2026-05-24T00:00:00,yyyy-mm-dd hh:mm
Motor_Meciuri,5,G,Cutoff_UTC,G6:G105,Dată UTC / serial Excel; unele formule pot întoarce 0,Rezultat formulă,100,0,"=IF(A6="""","""",'Input_Meci'!G6)",G6,2026-05-23T23:00:00,yyyy-mm-dd hh:mm
Motor_Meciuri,5,H,Release,H6:H105,Text,Rezultat formulă,100,0,"=IF(A6="""","""",IF(BQ6<>""VALID"",""NOT RELEASED"",IF(AND(OR('Input_Meci'!I6=""NOT AVAILABLE"",'Input_Meci'!I6=""SOURCE CONFLICT""),'Input_Meci'!J6<>""""),""READY"",IF(OR(NOT(OR('Input_Meci'!I6=""AUTO"",'Input_Meci'!I6="""")),COUNTIF('Core_Nativ'!R6:R11,""CLOSED"")<>6,BJ6>0),""NOT RELEASED"",""READY""))))",H6,READY,General
Motor_Meciuri,5,I,G0,I6:I105,Text,Rezultat formulă,100,0,"=IF(A6="""","""",IF(H6<>""READY"",""NOT RELEASED"",IF(AND(NOT(OR('Input_Meci'!I6=""NOT AVAILABLE"",'Input_Meci'!I6=""SOURCE CONFLICT"")),L6=12,AR6>=2,AS6>0,ISNUMBER(AT6),BI6=""VALID"",BK6=""VALID""),""PASS"",""FAIL"")))",I6,PASS,General
Motor_Meciuri,5,J,Reason,J6:J105,Text,Rezultat formulă,100,0,"=IF(A6="""","""",IF(BQ6<>""VALID"",""Verifica ID, echipe, mod si cutoff < kickoff"",IF(H6<>""READY"",IF('Input_Meci'!I6=""ACCESS BLOCKED"",""Acces blocat: reia sursele"",IF(BJ6>0,""Istoric invalid sau conflict: verifica randurile native"",""Surse neinchise / post-cutoff / dovezi incomplete"")),IF(OR('Input_Meci'!I6=""NOT AVAILABLE"",'Input_Meci'!I6=""SOURCE CONFLICT""),'Input_Meci'!I6,IF(BK6<>""VALID"",""Parametri invalizi"",IF(L6<>12,""Core / sample / prior insuficient"",IF(AR6<2,""N insuficient pentru dispersie"",IF(AS6<=0,""Media istorica trebuie sa fie pozitiva"",IF(BI6<>""VALID"",""Context invalid"",""READY"")))))))))",J6,READY,General
Motor_Meciuri,5,K,Core_Native_Count,K6:K105,Număr întreg,Rezultat formulă,100,0,"=IF(A6="""","""",COUNT(T6:AE6))",K6,12,General
Motor_Meciuri,5,L,Core_Effective_Count,L6:L105,Număr întreg,Rezultat formulă,100,0,"=IF(A6="""","""",COUNT(AF6:AQ6))",L6,12,General
Motor_Meciuri,5,M,Prior_Active,M6:M105,Text,Rezultat formulă,100,0,"=IF(A6="""","""",IF(OR('Core_Nativ'!M6<'Core_Nativ'!P6,'Core_Nativ'!M7<'Core_Nativ'!P7,'Core_Nativ'!M8<'Core_Nativ'!P8,'Core_Nativ'!M9<'Core_Nativ'!P9,'Core_Nativ'!M10<'Core_Nativ'!P10,'Core_Nativ'!M11<'Core_Nativ'!P11),""YES"",""NO""))",M6,NO,General
Motor_Meciuri,5,N,N_H_Season,N6:N105,Număr întreg,Rezultat formulă,100,0,"=IF(A6="""","""",'Core_Nativ'!M6)",N6,37,General
Motor_Meciuri,5,O,N_H_HA,O6:O105,Număr întreg,Rezultat formulă,100,0,"=IF(A6="""","""",'Core_Nativ'!M7)",O6,18,General
Motor_Meciuri,5,P,N_H_Recent,P6:P105,Număr întreg,Rezultat formulă,100,0,"=IF(A6="""","""",'Core_Nativ'!M8)",P6,5,General
Motor_Meciuri,5,Q,N_A_Season,Q6:Q105,Număr întreg,Rezultat formulă,100,0,"=IF(A6="""","""",'Core_Nativ'!M9)",Q6,37,General
Motor_Meciuri,5,R,N_A_HA,R6:R105,Număr întreg,Rezultat formulă,100,0,"=IF(A6="""","""",'Core_Nativ'!M10)",R6,18,General
Motor_Meciuri,5,S,N_A_Recent,S6:S105,Număr întreg,Rezultat formulă,100,0,"=IF(A6="""","""",'Core_Nativ'!M11)",S6,5,General
Motor_Meciuri,5,T,Raw_H_S_For,T6:T105,Float,Rezultat formulă,100,0,"=IF(OR(A6="""",'Core_Nativ'!M6=0),"""",'Core_Nativ'!N6)",T6,5,0.00
Motor_Meciuri,5,U,Raw_H_S_Against,U6:U105,Float,Rezultat formulă,100,0,"=IF(OR(A6="""",'Core_Nativ'!M6=0),"""",'Core_Nativ'!O6)",U6,4.864864864864865,0.00
Motor_Meciuri,5,V,Raw_H_HA_For,V6:V105,Float,Rezultat formulă,100,0,"=IF(OR(A6="""",'Core_Nativ'!M7=0),"""",'Core_Nativ'!N7)",V6,5.222222222222222,0.00
Motor_Meciuri,5,W,Raw_H_HA_Against,W6:W105,Float,Rezultat formulă,100,0,"=IF(OR(A6="""",'Core_Nativ'!M7=0),"""",'Core_Nativ'!O7)",W6,4.611111111111111,0.00
Motor_Meciuri,5,X,Raw_H_R_For,X6:X105,Float,Rezultat formulă,100,0,"=IF(OR(A6="""",'Core_Nativ'!M8=0),"""",'Core_Nativ'!N8)",X6,7.2,0.00
Motor_Meciuri,5,Y,Raw_H_R_Against,Y6:Y105,Float,Rezultat formulă,100,0,"=IF(OR(A6="""",'Core_Nativ'!M8=0),"""",'Core_Nativ'!O8)",Y6,4.4,0.00
Motor_Meciuri,5,Z,Raw_A_S_For,Z6:Z105,Float,Rezultat formulă,100,0,"=IF(OR(A6="""",'Core_Nativ'!M9=0),"""",'Core_Nativ'!N9)",Z6,4.837837837837838,0.00
Motor_Meciuri,5,AA,Raw_A_S_Against,AA6:AA105,Float,Rezultat formulă,100,0,"=IF(OR(A6="""",'Core_Nativ'!M9=0),"""",'Core_Nativ'!O9)",AA6,5.027027027027027,0.00
Motor_Meciuri,5,AB,Raw_A_HA_For,AB6:AB105,Float,Rezultat formulă,100,0,"=IF(OR(A6="""",'Core_Nativ'!M10=0),"""",'Core_Nativ'!N10)",AB6,4.388888888888889,0.00
Motor_Meciuri,5,AC,Raw_A_HA_Against,AC6:AC105,Float,Rezultat formulă,100,0,"=IF(OR(A6="""",'Core_Nativ'!M10=0),"""",'Core_Nativ'!O10)",AC6,5.611111111111111,0.00
Motor_Meciuri,5,AD,Raw_A_R_For,AD6:AD105,Float,Rezultat formulă,100,0,"=IF(OR(A6="""",'Core_Nativ'!M11=0),"""",'Core_Nativ'!N11)",AD6,5.2,0.00
Motor_Meciuri,5,AE,Raw_A_R_Against,AE6:AE105,Float,Rezultat formulă,100,0,"=IF(OR(A6="""",'Core_Nativ'!M11=0),"""",'Core_Nativ'!O11)",AE6,6,0.00
Motor_Meciuri,5,AF,Effective_H_S_For,AF6:AF105,Float,Rezultat formulă,100,0,"=IF(A6="""","""",IF(AND('Core_Nativ'!R6=""CLOSED"",'Core_Nativ'!S6=0),IF('Core_Nativ'!M6>='Core_Nativ'!P6,'Core_Nativ'!N6,IF(AND('Input_Meci'!L6=""YES"",'Input_Meci'!K6<>"""",'Input_Meci'!K6<C6,'Core_Nativ'!T12=""DERIVED"",'Core_Nativ'!M12>='Core_Nativ'!P6),MIN(1,'Core_Nativ'!M6/'Core_Nativ'!P6)*IF('Core_Nativ'!M6=0,0,'Core_Nativ'!N6)+(1-MIN(1,'Core_Nativ'!M6/'Core_Nativ'!P6))*'Core_Nativ'!N12,"""")),""""))",AF6,5,0.00
Motor_Meciuri,5,AG,Effective_H_S_Against,AG6:AG105,Float,Rezultat formulă,100,0,"=IF(A6="""","""",IF(AND('Core_Nativ'!R6=""CLOSED"",'Core_Nativ'!S6=0),IF('Core_Nativ'!M6>='Core_Nativ'!P6,'Core_Nativ'!O6,IF(AND('Input_Meci'!L6=""YES"",'Input_Meci'!K6<>"""",'Input_Meci'!K6<C6,'Core_Nativ'!T12=""DERIVED"",'Core_Nativ'!M12>='Core_Nativ'!P6),MIN(1,'Core_Nativ'!M6/'Core_Nativ'!P6)*IF('Core_Nativ'!M6=0,0,'Core_Nativ'!O6)+(1-MIN(1,'Core_Nativ'!M6/'Core_Nativ'!P6))*'Core_Nativ'!O12,"""")),""""))",AG6,4.864864864864865,0.00
Motor_Meciuri,5,AH,Effective_H_HA_For,AH6:AH105,Float,Rezultat formulă,100,0,"=IF(A6="""","""",IF(AND('Core_Nativ'!R7=""CLOSED"",'Core_Nativ'!S7=0),IF('Core_Nativ'!M7>='Core_Nativ'!P7,'Core_Nativ'!N7,IF(AND('Input_Meci'!L6=""YES"",'Input_Meci'!K6<>"""",'Input_Meci'!K6<C6,'Core_Nativ'!T13=""DERIVED"",'Core_Nativ'!M13>='Core_Nativ'!P7),MIN(1,'Core_Nativ'!M7/'Core_Nativ'!P7)*IF('Core_Nativ'!M7=0,0,'Core_Nativ'!N7)+(1-MIN(1,'Core_Nativ'!M7/'Core_Nativ'!P7))*'Core_Nativ'!N13,"""")),""""))",AH6,5.222222222222222,0.00
Motor_Meciuri,5,AI,Effective_H_HA_Against,AI6:AI105,Float,Rezultat formulă,100,0,"=IF(A6="""","""",IF(AND('Core_Nativ'!R7=""CLOSED"",'Core_Nativ'!S7=0),IF('Core_Nativ'!M7>='Core_Nativ'!P7,'Core_Nativ'!O7,IF(AND('Input_Meci'!L6=""YES"",'Input_Meci'!K6<>"""",'Input_Meci'!K6<C6,'Core_Nativ'!T13=""DERIVED"",'Core_Nativ'!M13>='Core_Nativ'!P7),MIN(1,'Core_Nativ'!M7/'Core_Nativ'!P7)*IF('Core_Nativ'!M7=0,0,'Core_Nativ'!O7)+(1-MIN(1,'Core_Nativ'!M7/'Core_Nativ'!P7))*'Core_Nativ'!O13,"""")),""""))",AI6,4.611111111111111,0.00
Motor_Meciuri,5,AJ,Effective_H_R_For,AJ6:AJ105,Float,Rezultat formulă,100,0,"=IF(A6="""","""",IF(AND('Core_Nativ'!R8=""CLOSED"",'Core_Nativ'!S8=0),IF('Core_Nativ'!M8>='Core_Nativ'!P8,'Core_Nativ'!N8,IF(AND('Input_Meci'!L6=""YES"",'Input_Meci'!K6<>"""",'Input_Meci'!K6<C6,'Core_Nativ'!T14=""DERIVED"",'Core_Nativ'!M14>='Core_Nativ'!P8),MIN(1,'Core_Nativ'!M8/'Core_Nativ'!P8)*IF('Core_Nativ'!M8=0,0,'Core_Nativ'!N8)+(1-MIN(1,'Core_Nativ'!M8/'Core_Nativ'!P8))*'Core_Nativ'!N14,"""")),""""))",AJ6,7.2,0.00
Motor_Meciuri,5,AK,Effective_H_R_Against,AK6:AK105,Float,Rezultat formulă,100,0,"=IF(A6="""","""",IF(AND('Core_Nativ'!R8=""CLOSED"",'Core_Nativ'!S8=0),IF('Core_Nativ'!M8>='Core_Nativ'!P8,'Core_Nativ'!O8,IF(AND('Input_Meci'!L6=""YES"",'Input_Meci'!K6<>"""",'Input_Meci'!K6<C6,'Core_Nativ'!T14=""DERIVED"",'Core_Nativ'!M14>='Core_Nativ'!P8),MIN(1,'Core_Nativ'!M8/'Core_Nativ'!P8)*IF('Core_Nativ'!M8=0,0,'Core_Nativ'!O8)+(1-MIN(1,'Core_Nativ'!M8/'Core_Nativ'!P8))*'Core_Nativ'!O14,"""")),""""))",AK6,4.4,0.00
Motor_Meciuri,5,AL,Effective_A_S_For,AL6:AL105,Float,Rezultat formulă,100,0,"=IF(A6="""","""",IF(AND('Core_Nativ'!R9=""CLOSED"",'Core_Nativ'!S9=0),IF('Core_Nativ'!M9>='Core_Nativ'!P9,'Core_Nativ'!N9,IF(AND('Input_Meci'!L6=""YES"",'Input_Meci'!K6<>"""",'Input_Meci'!K6<C6,'Core_Nativ'!T15=""DERIVED"",'Core_Nativ'!M15>='Core_Nativ'!P9),MIN(1,'Core_Nativ'!M9/'Core_Nativ'!P9)*IF('Core_Nativ'!M9=0,0,'Core_Nativ'!N9)+(1-MIN(1,'Core_Nativ'!M9/'Core_Nativ'!P9))*'Core_Nativ'!N15,"""")),""""))",AL6,4.837837837837838,0.00
Motor_Meciuri,5,AM,Effective_A_S_Against,AM6:AM105,Float,Rezultat formulă,100,0,"=IF(A6="""","""",IF(AND('Core_Nativ'!R9=""CLOSED"",'Core_Nativ'!S9=0),IF('Core_Nativ'!M9>='Core_Nativ'!P9,'Core_Nativ'!O9,IF(AND('Input_Meci'!L6=""YES"",'Input_Meci'!K6<>"""",'Input_Meci'!K6<C6,'Core_Nativ'!T15=""DERIVED"",'Core_Nativ'!M15>='Core_Nativ'!P9),MIN(1,'Core_Nativ'!M9/'Core_Nativ'!P9)*IF('Core_Nativ'!M9=0,0,'Core_Nativ'!O9)+(1-MIN(1,'Core_Nativ'!M9/'Core_Nativ'!P9))*'Core_Nativ'!O15,"""")),""""))",AM6,5.027027027027027,0.00
Motor_Meciuri,5,AN,Effective_A_HA_For,AN6:AN105,Float,Rezultat formulă,100,0,"=IF(A6="""","""",IF(AND('Core_Nativ'!R10=""CLOSED"",'Core_Nativ'!S10=0),IF('Core_Nativ'!M10>='Core_Nativ'!P10,'Core_Nativ'!N10,IF(AND('Input_Meci'!L6=""YES"",'Input_Meci'!K6<>"""",'Input_Meci'!K6<C6,'Core_Nativ'!T16=""DERIVED"",'Core_Nativ'!M16>='Core_Nativ'!P10),MIN(1,'Core_Nativ'!M10/'Core_Nativ'!P10)*IF('Core_Nativ'!M10=0,0,'Core_Nativ'!N10)+(1-MIN(1,'Core_Nativ'!M10/'Core_Nativ'!P10))*'Core_Nativ'!N16,"""")),""""))",AN6,4.388888888888889,0.00
Motor_Meciuri,5,AO,Effective_A_HA_Against,AO6:AO105,Float,Rezultat formulă,100,0,"=IF(A6="""","""",IF(AND('Core_Nativ'!R10=""CLOSED"",'Core_Nativ'!S10=0),IF('Core_Nativ'!M10>='Core_Nativ'!P10,'Core_Nativ'!O10,IF(AND('Input_Meci'!L6=""YES"",'Input_Meci'!K6<>"""",'Input_Meci'!K6<C6,'Core_Nativ'!T16=""DERIVED"",'Core_Nativ'!M16>='Core_Nativ'!P10),MIN(1,'Core_Nativ'!M10/'Core_Nativ'!P10)*IF('Core_Nativ'!M10=0,0,'Core_Nativ'!O10)+(1-MIN(1,'Core_Nativ'!M10/'Core_Nativ'!P10))*'Core_Nativ'!O16,"""")),""""))",AO6,5.611111111111111,0.00
Motor_Meciuri,5,AP,Effective_A_R_For,AP6:AP105,Float,Rezultat formulă,100,0,"=IF(A6="""","""",IF(AND('Core_Nativ'!R11=""CLOSED"",'Core_Nativ'!S11=0),IF('Core_Nativ'!M11>='Core_Nativ'!P11,'Core_Nativ'!N11,IF(AND('Input_Meci'!L6=""YES"",'Input_Meci'!K6<>"""",'Input_Meci'!K6<C6,'Core_Nativ'!T17=""DERIVED"",'Core_Nativ'!M17>='Core_Nativ'!P11),MIN(1,'Core_Nativ'!M11/'Core_Nativ'!P11)*IF('Core_Nativ'!M11=0,0,'Core_Nativ'!N11)+(1-MIN(1,'Core_Nativ'!M11/'Core_Nativ'!P11))*'Core_Nativ'!N17,"""")),""""))",AP6,5.2,0.00
Motor_Meciuri,5,AQ,Effective_A_R_Against,AQ6:AQ105,Float,Rezultat formulă,100,0,"=IF(A6="""","""",IF(AND('Core_Nativ'!R11=""CLOSED"",'Core_Nativ'!S11=0),IF('Core_Nativ'!M11>='Core_Nativ'!P11,'Core_Nativ'!O11,IF(AND('Input_Meci'!L6=""YES"",'Input_Meci'!K6<>"""",'Input_Meci'!K6<C6,'Core_Nativ'!T17=""DERIVED"",'Core_Nativ'!M17>='Core_Nativ'!P11),MIN(1,'Core_Nativ'!M11/'Core_Nativ'!P11)*IF('Core_Nativ'!M11=0,0,'Core_Nativ'!O11)+(1-MIN(1,'Core_Nativ'!M11/'Core_Nativ'!P11))*'Core_Nativ'!O17,"""")),""""))",AQ6,6,0.00
Motor_Meciuri,5,AR,N_Dispersion,AR6:AR105,Număr întreg,Rezultat formulă,100,0,"=IF(A6="""","""",SUMPRODUCT(('Istoric_Nativ'!$B$6:$B$405=B6)*('Istoric_Nativ'!$C$6:$C$405=BL6)*('Istoric_Nativ'!$P$6:$P$405=1)*('Istoric_Nativ'!$D$6:$D$405<INT(G6))*((('Istoric_Nativ'!$E$6:$E$405='Input_Meci'!D6)+('Istoric_Nativ'!$F$6:$F$405='Input_Meci'!D6)+('Istoric_Nativ'!$E$6:$E$405='Input_Meci'!E6)+('Istoric_Nativ'!$F$6:$F$405='Input_Meci'!E6))>0)))",AR6,73,0.00
Motor_Meciuri,5,AS,Mean_Total_History,AS6:AS105,Float,Rezultat formulă,100,0,"=IF(AR6=0,"""",SUMPRODUCT(('Istoric_Nativ'!$B$6:$B$405=B6)*('Istoric_Nativ'!$C$6:$C$405=BL6)*('Istoric_Nativ'!$P$6:$P$405=1)*('Istoric_Nativ'!$D$6:$D$405<INT(G6))*((('Istoric_Nativ'!$E$6:$E$405='Input_Meci'!D6)+('Istoric_Nativ'!$F$6:$F$405='Input_Meci'!D6)+('Istoric_Nativ'!$E$6:$E$405='Input_Meci'!E6)+('Istoric_Nativ'!$F$6:$F$405='Input_Meci'!E6))>0)*'Istoric_Nativ'!$Q$6:$Q$405)/AR6)",AS6,9.904109589041095,0.00
Motor_Meciuri,5,AT,Variance_Total_History,AT6:AT105,Float,Rezultat formulă,100,0,"=IF(AR6<2,"""",MAX(0,(SUMPRODUCT(('Istoric_Nativ'!$B$6:$B$405=B6)*('Istoric_Nativ'!$C$6:$C$405=BL6)*('Istoric_Nativ'!$P$6:$P$405=1)*('Istoric_Nativ'!$D$6:$D$405<INT(G6))*((('Istoric_Nativ'!$E$6:$E$405='Input_Meci'!D6)+('Istoric_Nativ'!$F$6:$F$405='Input_Meci'!D6)+('Istoric_Nativ'!$E$6:$E$405='Input_Meci'!E6)+('Istoric_Nativ'!$F$6:$F$405='Input_Meci'!E6))>0)*'Istoric_Nativ'!$R$6:$R$405)-AR6*AS6^2)/(AR6-1)))",AT6,8.92123287671235,0.00
Motor_Meciuri,5,AU,D,AU6:AU105,Float,Rezultat formulă,100,0,"=IF(I6<>""PASS"","""",AT6/AS6)",AU6,0.9007607192254518,0.00
Motor_Meciuri,5,AV,Distribution,AV6:AV105,Text,Rezultat formulă,100,0,"=IF(I6<>""PASS"","""",IF(AU6<='Config_v6'!$B$10,""POISSON"",""NEGATIVE BINOMIAL""))",AV6,POISSON,0.00
Motor_Meciuri,5,AW,NB_Size,AW6:AW105,Float,Rezultat formulă,100,0,"=IF(I6<>""PASS"","""",IF(AV6=""POISSON"",9999,AS6/(AU6-1)))",AW6,9999,0.00
Motor_Meciuri,5,AX,Soft_H,AX6:AX105,Float,Rezultat formulă,100,0,"=IF(A6="""","""",MAX(1-'Config_v6'!$B$20,MIN(1+'Config_v6'!$B$20,1+0.02*(IF(AND(ISNUMBER('Input_Meci'!N6),'Input_Meci'!N6>=0,'Input_Meci'!N6<=200),'Input_Meci'!N6,12)/12-1)+0.02*(IF(AND(ISNUMBER('Input_Meci'!P6),'Input_Meci'!P6>=0,'Input_Meci'!P6<=200),'Input_Meci'!P6,3.5)/3.5-1)+0.02*(IF(AND(ISNUMBER('Input_Meci'!R6),'Input_Meci'!R6>=0,'Input_Meci'!R6<=200),'Input_Meci'!R6,18)/18-1)+0.02*((IF(AND(ISNUMBER('Input_Meci'!V6),'Input_Meci'!V6>=0,'Input_Meci'!V6<=10),'Input_Meci'!V6,5)-5)/5))))",AX6,1,0.00
Motor_Meciuri,5,AY,Soft_A,AY6:AY105,Float,Rezultat formulă,100,0,"=IF(A6="""","""",MAX(1-'Config_v6'!$B$20,MIN(1+'Config_v6'!$B$20,1+0.02*(IF(AND(ISNUMBER('Input_Meci'!O6),'Input_Meci'!O6>=0,'Input_Meci'!O6<=200),'Input_Meci'!O6,12)/12-1)+0.02*(IF(AND(ISNUMBER('Input_Meci'!Q6),'Input_Meci'!Q6>=0,'Input_Meci'!Q6<=200),'Input_Meci'!Q6,3.5)/3.5-1)+0.02*(IF(AND(ISNUMBER('Input_Meci'!S6),'Input_Meci'!S6>=0,'Input_Meci'!S6<=200),'Input_Meci'!S6,18)/18-1)+0.02*((IF(AND(ISNUMBER('Input_Meci'!W6),'Input_Meci'!W6>=0,'Input_Meci'!W6<=10),'Input_Meci'!W6,5)-5)/5))))",AY6,1,0.00
Motor_Meciuri,5,AZ,Context_H,AZ6:AZ105,Float,Rezultat formulă,100,0,"=IF(A6="""","""",MAX(1-'Config_v6'!$B$21,MIN(1+'Config_v6'!$B$21,1+0.012*(IF('Input_Meci'!X6="""",5,IF(ISNUMBER('Input_Meci'!X6),'Input_Meci'!X6,5))-5)+0.018*(IF('Input_Meci'!Z6="""",5,IF(ISNUMBER('Input_Meci'!Z6),'Input_Meci'!Z6,5))-5)+0.012*(IF('Input_Meci'!AB6="""",5,IF(ISNUMBER('Input_Meci'!AB6),'Input_Meci'!AB6,5))-5)+0.015*IF('Input_Meci'!AD6="""",0,IF(ISNUMBER('Input_Meci'!AD6),'Input_Meci'!AD6,0))+0.02*IF('Input_Meci'!AF6="""",0,IF(ISNUMBER('Input_Meci'!AF6),'Input_Meci'!AF6,0)))))",AZ6,1,0.00
Motor_Meciuri,5,BA,Context_A,BA6:BA105,Float,Rezultat formulă,100,0,"=IF(A6="""","""",MAX(1-'Config_v6'!$B$21,MIN(1+'Config_v6'!$B$21,1+0.012*(IF('Input_Meci'!Y6="""",5,IF(ISNUMBER('Input_Meci'!Y6),'Input_Meci'!Y6,5))-5)+0.018*(IF('Input_Meci'!AA6="""",5,IF(ISNUMBER('Input_Meci'!AA6),'Input_Meci'!AA6,5))-5)+0.012*(IF('Input_Meci'!AC6="""",5,IF(ISNUMBER('Input_Meci'!AC6),'Input_Meci'!AC6,5))-5)+0.015*IF('Input_Meci'!AE6="""",0,IF(ISNUMBER('Input_Meci'!AE6),'Input_Meci'!AE6,0))+0.02*IF('Input_Meci'!AG6="""",0,IF(ISNUMBER('Input_Meci'!AG6),'Input_Meci'!AG6,0)))))",BA6,1,0.00
Motor_Meciuri,5,BB,Lambda_H,BB6:BB105,Float,Rezultat formulă,100,0,"=IF(I6<>""PASS"","""",(AVERAGE(AF6,AM6)*'Config_v6'!$B$4+AVERAGE(AH6,AO6)*'Config_v6'!$B$5+AVERAGE(AJ6,AQ6)*'Config_v6'!$B$6)*AX6*AZ6)",BB6,5.591554054054054,0.00
Motor_Meciuri,5,BC,Lambda_A,BC6:BC105,Float,Rezultat formulă,100,0,"=IF(I6<>""PASS"","""",(AVERAGE(AL6,AG6)*'Config_v6'!$B$4+AVERAGE(AN6,AI6)*'Config_v6'!$B$5+AVERAGE(AP6,AK6)*'Config_v6'!$B$6)*AY6*BA6)",BC6,4.680405405405406,0.00
Motor_Meciuri,5,BD,Mu,BD6:BD105,Float,Rezultat formulă,100,0,"=IF(I6<>""PASS"","""",BB6+BC6)",BD6,10.27195945945946,0.00
Motor_Meciuri,5,BE,Soft_Missing,BE6:BE105,Număr întreg,Rezultat formulă,100,0,"=IF(A6="""","""",10-SUM(IF(AND(ISNUMBER('Input_Meci'!N6),'Input_Meci'!N6>=0,'Input_Meci'!N6<=200),1,0),IF(AND(ISNUMBER('Input_Meci'!O6),'Input_Meci'!O6>=0,'Input_Meci'!O6<=200),1,0),IF(AND(ISNUMBER('Input_Meci'!P6),'Input_Meci'!P6>=0,'Input_Meci'!P6<=200),1,0),IF(AND(ISNUMBER('Input_Meci'!Q6),'Input_Meci'!Q6>=0,'Input_Meci'!Q6<=200),1,0),IF(AND(ISNUMBER('Input_Meci'!R6),'Input_Meci'!R6>=0,'Input_Meci'!R6<=200),1,0),IF(AND(ISNUMBER('Input_Meci'!S6),'Input_Meci'!S6>=0,'Input_Meci'!S6<=200),1,0),IF(AND(ISNUMBER('Input_Meci'!T6),'Input_Meci'!T6>=0,'Input_Meci'!T6<=100),1,0),IF(AND(ISNUMBER('Input_Meci'!U6),'Input_Meci'!U6>=0,'Input_Meci'!U6<=100),1,0),IF(AND(ISNUMBER('Input_Meci'!V6),'Input_Meci'!V6>=0,'Input_Meci'!V6<=10),1,0),IF(AND(ISNUMBER('Input_Meci'!W6),'Input_Meci'!W6>=0,'Input_Meci'!W6<=10),1,0)))",BE6,10,0.00
Motor_Meciuri,5,BF,Confidence_Base,BF6:BF105,Număr întreg,Rezultat formulă,100,0,"=IF(I6<>""PASS"","""",MAX(0,MIN(IF(OR(M6=""YES"",BL6<>C6),'Config_v6'!$B$34,100),ROUND(40+25*MIN(1,MIN(N6,Q6)/'Config_v6'!$B$7)*MIN(1,MIN(O6,R6)/'Config_v6'!$B$8)*MIN(1,MIN(P6,S6)/'Config_v6'!$B$9)+MAX(0,15-2*ABS(AF6-AJ6)-2*ABS(AL6-AP6))+IF(AU6<='Config_v6'!$B$10,15,IF(AU6<='Config_v6'!$B$11,13,IF(AU6<='Config_v6'!$B$12,10,IF(AU6<='Config_v6'!$B$13,6,0))))+5-BE6/10*'Config_v6'!$B$38,0))))",BF6,90,0.00
Motor_Meciuri,5,BG,Calibration_Strength,BG6:BG105,Float,Rezultat formulă,100,0,"=IF(I6<>""PASS"","""",MIN(1,'Config_v6'!$B$14*(0.7+0.3*MIN(1,AR6/'Config_v6'!$B$15))*IF(AU6<='Config_v6'!$B$10,1,IF(AU6<='Config_v6'!$B$11,0.95,IF(AU6<='Config_v6'!$B$12,0.88,0.78)))*(0.75+0.25*BF6/100)))",BG6,0.7995,0.00
Motor_Meciuri,5,BH,Sensitivity,BH6:BH105,Float,Rezultat formulă,100,0,"=IF(I6<>""PASS"","""",MIN(1,(ABS(AZ6-1)+ABS(BA6-1))*3))",BH6,0,0.00
Motor_Meciuri,5,BI,Context_Valid,BI6:BI105,Text,Rezultat formulă,100,0,"=IF(A6="""","""",IF(AND(OR('Input_Meci'!X6="""",AND(ISNUMBER('Input_Meci'!X6),'Input_Meci'!X6>=0,'Input_Meci'!X6<=10)),OR('Input_Meci'!Y6="""",AND(ISNUMBER('Input_Meci'!Y6),'Input_Meci'!Y6>=0,'Input_Meci'!Y6<=10)),OR('Input_Meci'!Z6="""",AND(ISNUMBER('Input_Meci'!Z6),'Input_Meci'!Z6>=0,'Input_Meci'!Z6<=10)),OR('Input_Meci'!AA6="""",AND(ISNUMBER('Input_Meci'!AA6),'Input_Meci'!AA6>=0,'Input_Meci'!AA6<=10)),OR('Input_Meci'!AB6="""",AND(ISNUMBER('Input_Meci'!AB6),'Input_Meci'!AB6>=0,'Input_Meci'!AB6<=10)),OR('Input_Meci'!AC6="""",AND(ISNUMBER('Input_Meci'!AC6),'Input_Meci'!AC6>=0,'Input_Meci'!AC6<=10)),OR('Input_Meci'!AD6="""",AND(ISNUMBER('Input_Meci'!AD6),'Input_Meci'!AD6>=-2,'Input_Meci'!AD6<=2)),OR('Input_Meci'!AE6="""",AND(ISNUMBER('Input_Meci'!AE6),'Input_Meci'!AE6>=-2,'Input_Meci'!AE6<=2)),OR('Input_Meci'!AF6="""",AND(ISNUMBER('Input_Meci'!AF6),'Input_Meci'!AF6>=-2,'Input_Meci'!AF6<=2)),OR('Input_Meci'!AG6="""",AND(ISNUMBER('Input_Meci'!AG6),'Input_Meci'!AG6>=-2,'Input_Meci'!AG6<=2))),""VALID"",""INVALID""))",BI6,VALID,General
Motor_Meciuri,5,BJ,Source_Problems,BJ6:BJ105,Număr întreg,Rezultat formulă,100,0,"=IF(A6="""",0,SUM('Core_Nativ'!S6:S11))",BJ6,0,General
Motor_Meciuri,5,BK,Config_Valid,BK6:BK105,Text,Rezultat formulă,100,0,='Config_v6'!$B$40,BK6,VALID,General
Motor_Meciuri,5,BL,Dispersion_Season,BL6:BL105,Text,Rezultat formulă,100,0,"=IF(A6="""","""",IF(SUMPRODUCT(('Istoric_Nativ'!$B$6:$B$405=B6)*('Istoric_Nativ'!$C$6:$C$405=C6)*('Istoric_Nativ'!$P$6:$P$405=1)*('Istoric_Nativ'!$D$6:$D$405<INT(G6))*((('Istoric_Nativ'!$E$6:$E$405='Input_Meci'!D6)+('Istoric_Nativ'!$F$6:$F$405='Input_Meci'!D6)+('Istoric_Nativ'!$E$6:$E$405='Input_Meci'!E6)+('Istoric_Nativ'!$F$6:$F$405='Input_Meci'!E6))>0))>='Config_v6'!$B$41,C6,IF(AND('Input_Meci'!L6=""YES"",'Input_Meci'!K6<>"""",'Input_Meci'!K6<C6,COUNTIF('Core_Nativ'!R12:R17,""CLOSED"")=6,SUM('Core_Nativ'!S12:S17)=0),'Input_Meci'!K6,C6)))",BL6,2025/26,General
Motor_Meciuri,5,BM,H_L10_From,BM6:BM105,Dată UTC / serial Excel; unele formule pot întoarce 0,Rezultat formulă,100,0,"=IF(OR(A6="""",N6=0),0,LARGE(_xlfn._xlws.FILTER('Istoric_Nativ'!$D$6:$D$405,('Istoric_Nativ'!$B$6:$B$405=B6)*('Istoric_Nativ'!$C$6:$C$405=C6)*('Istoric_Nativ'!$P$6:$P$405=1)*('Istoric_Nativ'!$D$6:$D$405<INT(G6))*((('Istoric_Nativ'!$E$6:$E$405='Input_Meci'!D6)+('Istoric_Nativ'!$F$6:$F$405='Input_Meci'!D6))>0)),MIN(10,N6)))",BM6,2026-03-01T00:00:00,yyyy-mm-dd hh:mm
Motor_Meciuri,5,BN,A_L10_From,BN6:BN105,Dată UTC / serial Excel; unele formule pot întoarce 0,Rezultat formulă,100,0,"=IF(OR(A6="""",Q6=0),0,LARGE(_xlfn._xlws.FILTER('Istoric_Nativ'!$D$6:$D$405,('Istoric_Nativ'!$B$6:$B$405=B6)*('Istoric_Nativ'!$C$6:$C$405=C6)*('Istoric_Nativ'!$P$6:$P$405=1)*('Istoric_Nativ'!$D$6:$D$405<INT(G6))*((('Istoric_Nativ'!$E$6:$E$405='Input_Meci'!E6)+('Istoric_Nativ'!$F$6:$F$405='Input_Meci'!E6))>0)),MIN(10,Q6)))",BN6,2026-03-01T00:00:00,yyyy-mm-dd hh:mm
Motor_Meciuri,5,BO,H_L20_From,BO6:BO105,Dată UTC / serial Excel; unele formule pot întoarce 0,Rezultat formulă,100,0,"=IF(OR(A6="""",N6=0),0,LARGE(_xlfn._xlws.FILTER('Istoric_Nativ'!$D$6:$D$405,('Istoric_Nativ'!$B$6:$B$405=B6)*('Istoric_Nativ'!$C$6:$C$405=C6)*('Istoric_Nativ'!$P$6:$P$405=1)*('Istoric_Nativ'!$D$6:$D$405<INT(G6))*((('Istoric_Nativ'!$E$6:$E$405='Input_Meci'!D6)+('Istoric_Nativ'!$F$6:$F$405='Input_Meci'!D6))>0)),MIN(20,N6)))",BO6,2025-12-27T00:00:00,yyyy-mm-dd hh:mm
Motor_Meciuri,5,BP,A_L20_From,BP6:BP105,Dată UTC / serial Excel; unele formule pot întoarce 0,Rezultat formulă,100,0,"=IF(OR(A6="""",Q6=0),0,LARGE(_xlfn._xlws.FILTER('Istoric_Nativ'!$D$6:$D$405,('Istoric_Nativ'!$B$6:$B$405=B6)*('Istoric_Nativ'!$C$6:$C$405=C6)*('Istoric_Nativ'!$P$6:$P$405=1)*('Istoric_Nativ'!$D$6:$D$405<INT(G6))*((('Istoric_Nativ'!$E$6:$E$405='Input_Meci'!E6)+('Istoric_Nativ'!$F$6:$F$405='Input_Meci'!E6))>0)),MIN(20,Q6)))",BP6,2025-12-26T00:00:00,yyyy-mm-dd hh:mm
Motor_Meciuri,5,BQ,Metadata_Valid,BQ6:BQ105,Text,Rezultat formulă,100,0,"=IF(A6="""","""",IF(AND(COUNTIF(MatchesTable[Match_ID],A6)=1,COUNTIFS(MatchesTable[League],B6,MatchesTable[Season],C6,MatchesTable[Home],'Input_Meci'!D6,MatchesTable[Away],'Input_Meci'!E6,MatchesTable[Kickoff_UTC],F6)=1,B6<>"""",C6<>"""",'Input_Meci'!D6<>"""",'Input_Meci'!E6<>"""",'Input_Meci'!D6<>'Input_Meci'!E6,ISNUMBER(F6),ISNUMBER(G6),G6<F6,OR(E6=""LIVE"",E6=""REPLAY""),OR('Input_Meci'!L6=""YES"",'Input_Meci'!L6=""NO"",'Input_Meci'!L6="""")),""VALID"",""INVALID""))",BQ6,VALID,General
Motor_Meciuri,5,BR,N_Emp_HA,BR6:BR105,Număr întreg,Rezultat formulă,100,0,"=IF(I6<>""PASS"",0,SUMPRODUCT(('Istoric_Nativ'!$B$6:$B$405='Input_Meci'!B6)*('Istoric_Nativ'!$C$6:$C$405='Input_Meci'!C6)*('Istoric_Nativ'!$P$6:$P$405=1)*('Istoric_Nativ'!$D$6:$D$405<INT('Input_Meci'!G6))*((('Istoric_Nativ'!$E$6:$E$405='Input_Meci'!D6)+('Istoric_Nativ'!$F$6:$F$405='Input_Meci'!E6))>0)))",BR6,36,General
Motor_Meciuri,5,BS,N_Emp_L10,BS6:BS105,Număr întreg,Rezultat formulă,100,0,"=IF(I6<>""PASS"",0,SUMPRODUCT(('Istoric_Nativ'!$B$6:$B$405='Input_Meci'!B6)*('Istoric_Nativ'!$C$6:$C$405='Input_Meci'!C6)*('Istoric_Nativ'!$P$6:$P$405=1)*('Istoric_Nativ'!$D$6:$D$405<INT('Input_Meci'!G6))*((((('Istoric_Nativ'!$E$6:$E$405='Input_Meci'!D6)+('Istoric_Nativ'!$F$6:$F$405='Input_Meci'!D6))>0)*('Istoric_Nativ'!$D$6:$D$405>=BM6)+((('Istoric_Nativ'!$E$6:$E$405='Input_Meci'!E6)+('Istoric_Nativ'!$F$6:$F$405='Input_Meci'!E6))>0)*('Istoric_Nativ'!$D$6:$D$405>=BN6))>0)))",BS6,20,General
Motor_Meciuri,5,BT,N_Emp_L20,BT6:BT105,Număr întreg,Rezultat formulă,100,0,"=IF(I6<>""PASS"",0,SUMPRODUCT(('Istoric_Nativ'!$B$6:$B$405='Input_Meci'!B6)*('Istoric_Nativ'!$C$6:$C$405='Input_Meci'!C6)*('Istoric_Nativ'!$P$6:$P$405=1)*('Istoric_Nativ'!$D$6:$D$405<INT('Input_Meci'!G6))*((((('Istoric_Nativ'!$E$6:$E$405='Input_Meci'!D6)+('Istoric_Nativ'!$F$6:$F$405='Input_Meci'!D6))>0)*('Istoric_Nativ'!$D$6:$D$405>=BO6)+((('Istoric_Nativ'!$E$6:$E$405='Input_Meci'!E6)+('Istoric_Nativ'!$F$6:$F$405='Input_Meci'!E6))>0)*('Istoric_Nativ'!$D$6:$D$405>=BP6))>0)))",BT6,40,General
Core_Nativ,5,A,Slot,A6:A1205,Număr întreg,Input sau constantă literală,0,1200,,A6,1,General
Core_Nativ,5,B,Match_ID,B6:B1205,Text,Rezultat formulă,1200,0,"=IF('Input_Meci'!A6="""","""",'Input_Meci'!A6)",B6,REPLAY_1,General
Core_Nativ,5,C,Side,C6:C1205,Text,Input sau constantă literală,0,1200,,C6,H,General
Core_Nativ,5,D,Role,D6:D1205,Text,Input sau constantă literală,0,1200,,D6,CURRENT,General
Core_Nativ,5,E,League,E6:E1205,Text,Rezultat formulă,1200,0,"=IF(B6="""","""",'Input_Meci'!B6)",E6,E0,General
Core_Nativ,5,F,Season,F6:F1205,Text,Rezultat formulă,1200,0,"=IF(B6="""","""",IF('Input_Meci'!C6="""","""",'Input_Meci'!C6))",F6,2025/26,General
Core_Nativ,5,G,Team,G6:G1205,Text,Rezultat formulă,1200,0,"=IF(B6="""","""",'Input_Meci'!D6)",G6,Brighton,General
Core_Nativ,5,H,Split,H6:H1205,Text,Input sau constantă literală,0,1200,,H6,ANY,General
Core_Nativ,5,I,Period,I6:I1205,Text,Input sau constantă literală,0,1200,,I6,SEASON,General
Core_Nativ,5,J,Before_Date,J6:J1205,Dată UTC / serial Excel; unele formule pot întoarce 0,Rezultat formulă,1200,0,"=IF(AND(B6<>"""",ISNUMBER('Input_Meci'!G6)),INT('Input_Meci'!G6),0)",J6,2026-05-23T00:00:00,yyyy-mm-dd hh:mm
Core_Nativ,5,K,N_scope,K6:K1205,Număr întreg,Rezultat formulă,1200,0,"=IF(OR(B6="""",F6=""""),0,IF(H6=""HOME"",COUNTIFS('Istoric_Nativ'!$B$6:$B$405,E6,'Istoric_Nativ'!$C$6:$C$405,F6,'Istoric_Nativ'!$E$6:$E$405,G6,'Istoric_Nativ'!$D$6:$D$405,""<""&J6,'Istoric_Nativ'!$P$6:$P$405,1),IF(H6=""AWAY"",COUNTIFS('Istoric_Nativ'!$B$6:$B$405,E6,'Istoric_Nativ'!$C$6:$C$405,F6,'Istoric_Nativ'!$F$6:$F$405,G6,'Istoric_Nativ'!$D$6:$D$405,""<""&J6,'Istoric_Nativ'!$P$6:$P$405,1),COUNTIFS('Istoric_Nativ'!$B$6:$B$405,E6,'Istoric_Nativ'!$C$6:$C$405,F6,'Istoric_Nativ'!$E$6:$E$405,G6,'Istoric_Nativ'!$D$6:$D$405,""<""&J6,'Istoric_Nativ'!$P$6:$P$405,1)+COUNTIFS('Istoric_Nativ'!$B$6:$B$405,E6,'Istoric_Nativ'!$C$6:$C$405,F6,'Istoric_Nativ'!$F$6:$F$405,G6,'Istoric_Nativ'!$D$6:$D$405,""<""&J6,'Istoric_Nativ'!$P$6:$P$405,1))))",K6,37,General
Core_Nativ,5,L,Recent_From,L6:L1205,Dată UTC / serial Excel; unele formule pot întoarce 0,Rezultat formulă,1200,0,"=IF(AND(B6<>"""",I6=""RECENT"",K6>0),LARGE(_xlfn._xlws.FILTER('Istoric_Nativ'!$D$6:$D$405,('Istoric_Nativ'!$B$6:$B$405=E6)*('Istoric_Nativ'!$C$6:$C$405=F6)*('Istoric_Nativ'!$P$6:$P$405=1)*('Istoric_Nativ'!$D$6:$D$405<J6)*((('Istoric_Nativ'!$E$6:$E$405=G6)+('Istoric_Nativ'!$F$6:$F$405=G6))>0)),MIN('Config_v6'!$B$54,K6)),0)",L6,00:00:00,yyyy-mm-dd hh:mm;;
Core_Nativ,5,M,N,M6:M1205,Număr întreg,Rezultat formulă,1200,0,"=IF(OR(B6="""",F6=""""),0,IF(H6=""HOME"",COUNTIFS('Istoric_Nativ'!$B$6:$B$405,E6,'Istoric_Nativ'!$C$6:$C$405,F6,'Istoric_Nativ'!$E$6:$E$405,G6,'Istoric_Nativ'!$D$6:$D$405,""<""&J6,'Istoric_Nativ'!$P$6:$P$405,1,'Istoric_Nativ'!$D$6:$D$405,"">=""&L6),IF(H6=""AWAY"",COUNTIFS('Istoric_Nativ'!$B$6:$B$405,E6,'Istoric_Nativ'!$C$6:$C$405,F6,'Istoric_Nativ'!$F$6:$F$405,G6,'Istoric_Nativ'!$D$6:$D$405,""<""&J6,'Istoric_Nativ'!$P$6:$P$405,1,'Istoric_Nativ'!$D$6:$D$405,"">=""&L6),COUNTIFS('Istoric_Nativ'!$B$6:$B$405,E6,'Istoric_Nativ'!$C$6:$C$405,F6,'Istoric_Nativ'!$E$6:$E$405,G6,'Istoric_Nativ'!$D$6:$D$405,""<""&J6,'Istoric_Nativ'!$P$6:$P$405,1,'Istoric_Nativ'!$D$6:$D$405,"">=""&L6)+COUNTIFS('Istoric_Nativ'!$B$6:$B$405,E6,'Istoric_Nativ'!$C$6:$C$405,F6,'Istoric_Nativ'!$F$6:$F$405,G6,'Istoric_Nativ'!$D$6:$D$405,""<""&J6,'Istoric_Nativ'!$P$6:$P$405,1,'Istoric_Nativ'!$D$6:$D$405,"">=""&L6))))",M6,37,General
Core_Nativ,5,N,Corners_For,N6:N1205,Float,Rezultat formulă,1200,0,"=IF(M6=0,"""",IF(H6=""HOME"",SUMIFS('Istoric_Nativ'!$G$6:$G$405,'Istoric_Nativ'!$B$6:$B$405,E6,'Istoric_Nativ'!$C$6:$C$405,F6,'Istoric_Nativ'!$E$6:$E$405,G6,'Istoric_Nativ'!$D$6:$D$405,""<""&J6,'Istoric_Nativ'!$P$6:$P$405,1,'Istoric_Nativ'!$D$6:$D$405,"">=""&L6),IF(H6=""AWAY"",SUMIFS('Istoric_Nativ'!$H$6:$H$405,'Istoric_Nativ'!$B$6:$B$405,E6,'Istoric_Nativ'!$C$6:$C$405,F6,'Istoric_Nativ'!$F$6:$F$405,G6,'Istoric_Nativ'!$D$6:$D$405,""<""&J6,'Istoric_Nativ'!$P$6:$P$405,1,'Istoric_Nativ'!$D$6:$D$405,"">=""&L6),SUMIFS('Istoric_Nativ'!$G$6:$G$405,'Istoric_Nativ'!$B$6:$B$405,E6,'Istoric_Nativ'!$C$6:$C$405,F6,'Istoric_Nativ'!$E$6:$E$405,G6,'Istoric_Nativ'!$D$6:$D$405,""<""&J6,'Istoric_Nativ'!$P$6:$P$405,1,'Istoric_Nativ'!$D$6:$D$405,"">=""&L6)+SUMIFS('Istoric_Nativ'!$H$6:$H$405,'Istoric_Nativ'!$B$6:$B$405,E6,'Istoric_Nativ'!$C$6:$C$405,F6,'Istoric_Nativ'!$F$6:$F$405,G6,'Istoric_Nativ'!$D$6:$D$405,""<""&J6,'Istoric_Nativ'!$P$6:$P$405,1,'Istoric_Nativ'!$D$6:$D$405,"">=""&L6)))/M6)",N6,5,0.00
Core_Nativ,5,O,Corners_Against,O6:O1205,Float,Rezultat formulă,1200,0,"=IF(M6=0,"""",IF(H6=""HOME"",SUMIFS('Istoric_Nativ'!$H$6:$H$405,'Istoric_Nativ'!$B$6:$B$405,E6,'Istoric_Nativ'!$C$6:$C$405,F6,'Istoric_Nativ'!$E$6:$E$405,G6,'Istoric_Nativ'!$D$6:$D$405,""<""&J6,'Istoric_Nativ'!$P$6:$P$405,1,'Istoric_Nativ'!$D$6:$D$405,"">=""&L6),IF(H6=""AWAY"",SUMIFS('Istoric_Nativ'!$G$6:$G$405,'Istoric_Nativ'!$B$6:$B$405,E6,'Istoric_Nativ'!$C$6:$C$405,F6,'Istoric_Nativ'!$F$6:$F$405,G6,'Istoric_Nativ'!$D$6:$D$405,""<""&J6,'Istoric_Nativ'!$P$6:$P$405,1,'Istoric_Nativ'!$D$6:$D$405,"">=""&L6),SUMIFS('Istoric_Nativ'!$H$6:$H$405,'Istoric_Nativ'!$B$6:$B$405,E6,'Istoric_Nativ'!$C$6:$C$405,F6,'Istoric_Nativ'!$E$6:$E$405,G6,'Istoric_Nativ'!$D$6:$D$405,""<""&J6,'Istoric_Nativ'!$P$6:$P$405,1,'Istoric_Nativ'!$D$6:$D$405,"">=""&L6)+SUMIFS('Istoric_Nativ'!$G$6:$G$405,'Istoric_Nativ'!$B$6:$B$405,E6,'Istoric_Nativ'!$C$6:$C$405,F6,'Istoric_Nativ'!$F$6:$F$405,G6,'Istoric_Nativ'!$D$6:$D$405,""<""&J6,'Istoric_Nativ'!$P$6:$P$405,1,'Istoric_Nativ'!$D$6:$D$405,"">=""&L6)))/M6)",O6,4.864864864864865,0.00
Core_Nativ,5,P,Target_N,P6:P1205,Număr întreg,Rezultat formulă,1200,0,='Config_v6'!$B$7,P6,10,General
Core_Nativ,5,Q,Source_Row,Q6:Q1205,Număr întreg,Rezultat formulă,1200,0,"=IF(OR(B6="""",F6=""""),0,IFERROR(MATCH(E6&""|""&F6,SourceTable[Source_Key],0),0))",Q6,1,General
Core_Nativ,5,R,Source_State,R6:R1205,Text,Rezultat formulă,1200,0,"=IF(B6="""","""",IF(F6="""",""UNUSED"",IF(Q6=0,""NOT CHECKED"",IF(COUNTIF(SourceTable[Source_Key],E6&""|""&F6)<>1,""SOURCE CONFLICT"",IF(NOT(OR(INDEX(SourceTable[Status],MAX(1,Q6))=""IMPORTED"",INDEX(SourceTable[Status],MAX(1,Q6))=""PARTIAL"",INDEX(SourceTable[Status],MAX(1,Q6))=""SOURCE CONFLICT"")),""ACCESS BLOCKED"",IF(OR(INDEX(SourceTable[Coverage],Q6)<>""FULL SEASON EXPORT"",INDEX(SourceTable[URL],Q6)="""",INDEX(SourceTable[SHA256],Q6)=""""),""EVIDENCE INCOMPLETE"",IF(AND('Input_Meci'!H6=""LIVE"",INDEX(SourceTable[Retrieved_UTC],Q6)>'Input_Meci'!G6),""POST CUTOFF"",""CLOSED"")))))))",R6,CLOSED,General
Core_Nativ,5,S,Problem_Rows,S6:S1205,Număr întreg,Rezultat formulă,1200,0,"=IF(OR(B6="""",F6=""""),0,COUNTIFS('Istoric_Nativ'!$B$6:$B$405,E6,'Istoric_Nativ'!$C$6:$C$405,F6,'Istoric_Nativ'!$E$6:$E$405,G6,'Istoric_Nativ'!$D$6:$D$405,""<""&J6,'Istoric_Nativ'!$O$6:$O$405,""INVALID"")+COUNTIFS('Istoric_Nativ'!$B$6:$B$405,E6,'Istoric_Nativ'!$C$6:$C$405,F6,'Istoric_Nativ'!$E$6:$E$405,G6,'Istoric_Nativ'!$O$6:$O$405,""INVALID"",'Istoric_Nativ'!$D$6:$D$405,""*"")+COUNTIFS('Istoric_Nativ'!$B$6:$B$405,E6,'Istoric_Nativ'!$C$6:$C$405,F6,'Istoric_Nativ'!$E$6:$E$405,G6,'Istoric_Nativ'!$D$6:$D$405,""<""&J6,'Istoric_Nativ'!$O$6:$O$405,""SOURCE CONFLICT"")+COUNTIFS('Istoric_Nativ'!$B$6:$B$405,E6,'Istoric_Nativ'!$C$6:$C$405,F6,'Istoric_Nativ'!$F$6:$F$405,G6,'Istoric_Nativ'!$D$6:$D$405,""<""&J6,'Istoric_Nativ'!$O$6:$O$405,""INVALID"")+COUNTIFS('Istoric_Nativ'!$B$6:$B$405,E6,'Istoric_Nativ'!$C$6:$C$405,F6,'Istoric_Nativ'!$F$6:$F$405,G6,'Istoric_Nativ'!$O$6:$O$405,""INVALID"",'Istoric_Nativ'!$D$6:$D$405,""*"")+COUNTIFS('Istoric_Nativ'!$B$6:$B$405,E6,'Istoric_Nativ'!$C$6:$C$405,F6,'Istoric_Nativ'!$F$6:$F$405,G6,'Istoric_Nativ'!$D$6:$D$405,""<""&J6,'Istoric_Nativ'!$O$6:$O$405,""SOURCE CONFLICT""))",S6,0,General
Core_Nativ,5,T,Data_Status,T6:T1205,Text,Rezultat formulă,1200,0,"=IF(B6="""","""",IF(R6<>""CLOSED"",R6,IF(S6>0,""NATIVE INPUT ISSUE"",IF(M6=0,""NO HISTORY"",IF(M6<P6,""SMALL SAMPLE"",""DERIVED"")))))",T6,DERIVED,General
Core_Nativ,5,U,Trace,U6:U1205,Text,Rezultat formulă,1200,0,"=IF(B6="""","""",""NativeTable; ""&E6&""; ""&F6&""; ""&G6&""; ""&H6&""; before ""&TEXT(J6,""yyyy-mm-dd"")&IF(I6=""RECENT"",""; from ""&TEXT(L6,""yyyy-mm-dd""),""""))",U6,NativeTable; E0; 2025/26; Brighton; ANY; before 2026-05-23,General
Distributie,5,A,Match_ID,A6:A105,Text,Rezultat formulă,100,0,"=IF('Motor_Meciuri'!A6="""","""",'Motor_Meciuri'!A6)",A6,REPLAY_1,General
Distributie,5,B,Mu,B6:B105,Float,Rezultat formulă,100,0,"=IF('Motor_Meciuri'!I6<>""PASS"","""",'Motor_Meciuri'!BD6)",B6,10.27195945945946,General
Distributie,5,C,D,C6:C105,Float,Rezultat formulă,100,0,"=IF(B6="""","""",'Motor_Meciuri'!AU6)",C6,0.9007607192254518,General
Distributie,5,D,Size,D6:D105,Float,Rezultat formulă,100,0,"=IF(B6="""","""",'Motor_Meciuri'!AW6)",D6,9999,General
Distributie,5,E,PMF_0,E6:E105,Float probabilitate 0–1,Rezultat formulă,100,0,"=IF(B6="""","""",IF(C6<='Config_v6'!$B$10,EXP(-B6),(D6/(D6+B6))^D6))",E6,3.458953219263637e-05,General
Distributie,5,F,PMF_1,F6:F105,Float probabilitate 0–1,Rezultat formulă,100,0,"=IF(B6="""","""",IF(C6<='Config_v6'!$B$10,E6*B6/1,E6*(D6+0)/1*B6/(D6+B6)))",F6,0.0003553022724044287,General
Distributie,5,G,PMF_2,G6:G105,Float probabilitate 0–1,Rezultat formulă,100,0,"=IF(B6="""","""",IF(C6<='Config_v6'!$B$10,F6*B6/2,F6*(D6+1)/2*B6/(D6+B6)))",G6,0.0018248252689960565,General
Distributie,5,H,PMF_3,H6:H105,Float probabilitate 0–1,Rezultat formulă,100,0,"=IF(B6="""","""",IF(C6<='Config_v6'!$B$10,G6*B6/3,G6*(D6+2)/3*B6/(D6+B6)))",H6,0.006248177061241565,General
Distributie,5,I,PMF_4,I6:I105,Float probabilitate 0–1,Rezultat formulă,100,0,"=IF(B6="""","""",IF(C6<='Config_v6'!$B$10,H6*B6/4,H6*(D6+3)/4*B6/(D6+B6)))",I6,0.016045255367149475,General
Distributie,5,J,PMF_5,J6:J105,Float probabilitate 0–1,Rezultat formulă,100,0,"=IF(B6="""","""",IF(C6<='Config_v6'!$B$10,I6*B6/5,I6*(D6+4)/5*B6/(D6+B6)))",J6,0.032963242529606744,General
Distributie,5,K,PMF_6,K6:K105,Float probabilitate 0–1,Rezultat formulă,100,0,"=IF(B6="""","""",IF(C6<='Config_v6'!$B$10,J6*B6/6,J6*(D6+5)/6*B6/(D6+B6)))",K6,0.056432848486075056,General
Distributie,5,L,PMF_7,L6:L105,Float probabilitate 0–1,Rezultat formulă,100,0,"=IF(B6="""","""",IF(C6<='Config_v6'!$B$10,K6*B6/7,K6*(D6+6)/7*B6/(D6+B6)))",L6,0.0828108474043973,General
Distributie,5,M,PMF_8,M6:M105,Float probabilitate 0–1,Rezultat formulă,100,0,"=IF(B6="""","""",IF(C6<='Config_v6'!$B$10,L6*B6/8,L6*(D6+7)/8*B6/(D6+B6)))",M6,0.10632870841768159,General
Distributie,5,N,PMF_9,N6:N105,Float probabilitate 0–1,Rezultat formulă,100,0,"=IF(B6="""","""",IF(C6<='Config_v6'!$B$10,M6*B6/9,M6*(D6+8)/9*B6/(D6+B6)))",N6,0.12135602024923456,General
Distributie,5,O,PMF_10,O6:O105,Float probabilitate 0–1,Rezultat formulă,100,0,"=IF(B6="""","""",IF(C6<='Config_v6'!$B$10,N6*B6/10,N6*(D6+9)/10*B6/(D6+B6)))",O6,0.12465641201614786,General
Distributie,5,P,PMF_11,P6:P105,Float probabilitate 0–1,Rezultat formulă,100,0,"=IF(B6="""","""",IF(C6<='Config_v6'!$B$10,O6*B6/11,O6*(D6+10)/11*B6/(D6+B6)))",P6,0.11640596459923143,General
Distributie,5,Q,PMF_12,Q6:Q105,Float probabilitate 0–1,Rezultat formulă,100,0,"=IF(B6="""","""",IF(C6<='Config_v6'!$B$10,P6*B6/12,P6*(D6+11)/12*B6/(D6+B6)))",Q6,0.09964311243354819,General
Distributie,5,R,PMF_13,R6:R105,Float probabilitate 0–1,Rezultat formulă,100,0,"=IF(B6="""","""",IF(C6<='Config_v6'!$B$10,Q6*B6/13,Q6*(D6+12)/13*B6/(D6+B6)))",R6,0.07873307779475137,General
Distributie,5,S,PMF_14,S6:S105,Float probabilitate 0–1,Rezultat formulă,100,0,"=IF(B6="""","""",IF(C6<='Config_v6'!$B$10,R6*B6/14,R6*(D6+13)/14*B6/(D6+B6)))",S6,0.05776735594472528,General
Distributie,5,T,PMF_15,T6:T105,Float probabilitate 0–1,Rezultat formulă,100,0,"=IF(B6="""","""",IF(C6<='Config_v6'!$B$10,S6*B6/15,S6*(D6+14)/15*B6/(D6+B6)))",T6,0.039558929222958825,General
Distributie,5,U,PMF_16,U6:U105,Float probabilitate 0–1,Rezultat formulă,100,0,"=IF(B6="""","""",IF(C6<='Config_v6'!$B$10,T6*B6/16,T6*(D6+15)/16*B6/(D6+B6)))",U6,0.0253967323273662,General
Distributie,5,V,PMF_17,V6:V105,Float probabilitate 0–1,Rezultat formulă,100,0,"=IF(B6="""","""",IF(C6<='Config_v6'!$B$10,U6*B6/17,U6*(D6+16)/17*B6/(D6+B6)))",V6,0.01534554146290877,General
Distributie,5,W,PMF_18,W6:W105,Float probabilitate 0–1,Rezultat formulă,100,0,"=IF(B6="""","""",IF(C6<='Config_v6'!$B$10,V6*B6/18,V6*(D6+17)/18*B6/(D6+B6)))",W6,0.00875715443280295,General
Distributie,5,X,CDF_0,X6:X105,Float probabilitate 0–1,Rezultat formulă,100,0,"=IF(B6="""","""",MIN(1,SUM(E6:E6)))",X6,3.458953219263637e-05,General
Distributie,5,Y,CDF_1,Y6:Y105,Float probabilitate 0–1,Rezultat formulă,100,0,"=IF(B6="""","""",MIN(1,SUM(E6:F6)))",Y6,0.0003898918045970651,General
Distributie,5,Z,CDF_2,Z6:Z105,Float probabilitate 0–1,Rezultat formulă,100,0,"=IF(B6="""","""",MIN(1,SUM(E6:G6)))",Z6,0.0022147170735931218,General
Distributie,5,AA,CDF_3,AA6:AA105,Float probabilitate 0–1,Rezultat formulă,100,0,"=IF(B6="""","""",MIN(1,SUM(E6:H6)))",AA6,0.008462894134834687,General
Distributie,5,AB,CDF_4,AB6:AB105,Float probabilitate 0–1,Rezultat formulă,100,0,"=IF(B6="""","""",MIN(1,SUM(E6:I6)))",AB6,0.024508149501984162,General
Distributie,5,AC,CDF_5,AC6:AC105,Float probabilitate 0–1,Rezultat formulă,100,0,"=IF(B6="""","""",MIN(1,SUM(E6:J6)))",AC6,0.05747139203159091,General
Distributie,5,AD,CDF_6,AD6:AD105,Float probabilitate 0–1,Rezultat formulă,100,0,"=IF(B6="""","""",MIN(1,SUM(E6:K6)))",AD6,0.11390424051766596,General
Distributie,5,AE,CDF_7,AE6:AE105,Float probabilitate 0–1,Rezultat formulă,100,0,"=IF(B6="""","""",MIN(1,SUM(E6:L6)))",AE6,0.19671508792206327,General
Distributie,5,AF,CDF_8,AF6:AF105,Float probabilitate 0–1,Rezultat formulă,100,0,"=IF(B6="""","""",MIN(1,SUM(E6:M6)))",AF6,0.3030437963397449,General
Distributie,5,AG,CDF_9,AG6:AG105,Float probabilitate 0–1,Rezultat formulă,100,0,"=IF(B6="""","""",MIN(1,SUM(E6:N6)))",AG6,0.4243998165889794,General
Distributie,5,AH,CDF_10,AH6:AH105,Float probabilitate 0–1,Rezultat formulă,100,0,"=IF(B6="""","""",MIN(1,SUM(E6:O6)))",AH6,0.5490562286051273,General
Distributie,5,AI,CDF_11,AI6:AI105,Float probabilitate 0–1,Rezultat formulă,100,0,"=IF(B6="""","""",MIN(1,SUM(E6:P6)))",AI6,0.6654621932043587,General
Distributie,5,AJ,CDF_12,AJ6:AJ105,Float probabilitate 0–1,Rezultat formulă,100,0,"=IF(B6="""","""",MIN(1,SUM(E6:Q6)))",AJ6,0.7651053056379069,General
Distributie,5,AK,CDF_13,AK6:AK105,Float probabilitate 0–1,Rezultat formulă,100,0,"=IF(B6="""","""",MIN(1,SUM(E6:R6)))",AK6,0.8438383834326583,General
Distributie,5,AL,CDF_14,AL6:AL105,Float probabilitate 0–1,Rezultat formulă,100,0,"=IF(B6="""","""",MIN(1,SUM(E6:S6)))",AL6,0.9016057393773835,General
Distributie,5,AM,CDF_15,AM6:AM105,Float probabilitate 0–1,Rezultat formulă,100,0,"=IF(B6="""","""",MIN(1,SUM(E6:T6)))",AM6,0.9411646686003423,General
Distributie,5,AN,CDF_16,AN6:AN105,Float probabilitate 0–1,Rezultat formulă,100,0,"=IF(B6="""","""",MIN(1,SUM(E6:U6)))",AN6,0.9665614009277085,General
Distributie,5,AO,CDF_17,AO6:AO105,Float probabilitate 0–1,Rezultat formulă,100,0,"=IF(B6="""","""",MIN(1,SUM(E6:V6)))",AO6,0.9819069423906173,General
Distributie,5,AP,CDF_18,AP6:AP105,Float probabilitate 0–1,Rezultat formulă,100,0,"=IF(B6="""","""",MIN(1,SUM(E6:W6)))",AP6,0.9906640968234202,General
Input_Meci,5,A,Match_ID,A6:A105,Text,Input sau constantă literală,0,3,,A6,REPLAY_1,General
Input_Meci,5,B,League,B6:B105,Text,Input sau constantă literală,0,3,,B6,E0,General
Input_Meci,5,C,Season,C6:C105,Text,Input sau constantă literală,0,3,,C6,2025/26,General
Input_Meci,5,D,Home,D6:D105,Text,Input sau constantă literală,0,3,,D6,Brighton,General
Input_Meci,5,E,Away,E6:E105,Text,Input sau constantă literală,0,3,,E6,Man United,General
Input_Meci,5,F,Kickoff_UTC,F6:F105,Dată UTC / serial Excel; unele formule pot întoarce 0,Input sau constantă literală,0,3,,F6,2026-05-24T00:00:00,yyyy-mm-dd hh:mm
Input_Meci,5,G,Cutoff_UTC,G6:G105,Dată UTC / serial Excel; unele formule pot întoarce 0,Input sau constantă literală,0,3,,G6,2026-05-23T23:00:00,yyyy-mm-dd hh:mm
Input_Meci,5,H,Mode,H6:H105,Text,Input sau constantă literală,0,3,,H6,REPLAY,General
Input_Meci,5,I,Sourcing_Decision,I6:I105,Text,Input sau constantă literală,0,3,,I6,AUTO,General
Input_Meci,5,J,Evidence_or_Attempts,J6:J105,Text,Input sau constantă literală,0,0,,J6,,General
Input_Meci,5,K,Prior_Season,K6:K105,Text,Input sau constantă literală,0,0,,K6,,General
Input_Meci,5,L,Prior_Allowed,L6:L105,Text,Input sau constantă literală,0,3,,L6,NO,General
Input_Meci,5,M,Notes,M6:M105,Text,Input sau constantă literală,0,3,,M6,Exemplu istoric; cutoff convențional înainte de ziua meciului. Exclus din Top LIVE.,General
Input_Meci,5,N,Shots_H,N6:N105,Float,Input sau constantă literală,0,0,,N6,,General
Input_Meci,5,O,Shots_A,O6:O105,Float,Input sau constantă literală,0,0,,O6,,General
Input_Meci,5,P,Blocked_H,P6:P105,Float,Input sau constantă literală,0,0,,P6,,General
Input_Meci,5,Q,Blocked_A,Q6:Q105,Float,Input sau constantă literală,0,0,,Q6,,General
Input_Meci,5,R,Crosses_H,R6:R105,Float,Input sau constantă literală,0,0,,R6,,General
Input_Meci,5,S,Crosses_A,S6:S105,Float,Input sau constantă literală,0,0,,S6,,General
Input_Meci,5,T,Possession_H,T6:T105,Float,Input sau constantă literală,0,0,,T6,,General
Input_Meci,5,U,Possession_A,U6:U105,Float,Input sau constantă literală,0,0,,U6,,General
Input_Meci,5,V,Field_Tilt_H,V6:V105,Float,Input sau constantă literală,0,0,,V6,,General
Input_Meci,5,W,Field_Tilt_A,W6:W105,Float,Input sau constantă literală,0,0,,W6,,General
Input_Meci,5,X,Attack_H,X6:X105,Float,Input sau constantă literală,0,0,,X6,,General
Input_Meci,5,Y,Attack_A,Y6:Y105,Float,Input sau constantă literală,0,0,,Y6,,General
Input_Meci,5,Z,Chasing_H,Z6:Z105,Float,Input sau constantă literală,0,0,,Z6,,General
Input_Meci,5,AA,Chasing_A,AA6:AA105,Float,Input sau constantă literală,0,0,,AA6,,General
Input_Meci,5,AB,Wings_H,AB6:AB105,Float,Input sau constantă literală,0,0,,AB6,,General
Input_Meci,5,AC,Wings_A,AC6:AC105,Float,Input sau constantă literală,0,0,,AC6,,General
Input_Meci,5,AD,Absences_H,AD6:AD105,Float,Input sau constantă literală,0,0,,AD6,,General
Input_Meci,5,AE,Absences_A,AE6:AE105,Float,Input sau constantă literală,0,0,,AE6,,General
Input_Meci,5,AF,Stakes_H,AF6:AF105,Float,Input sau constantă literală,0,0,,AF6,,General
Input_Meci,5,AG,Stakes_A,AG6:AG105,Float,Input sau constantă literală,0,0,,AG6,,General
Istoric_Nativ,5,A,Event_ID,A6:A405,Text,Input sau constantă literală,0,380,,A6,131f1dda53ca414c59dd,General
Istoric_Nativ,5,B,League,B6:B405,Text,Input sau constantă literală,0,380,,B6,E0,General
Istoric_Nativ,5,C,Season,C6:C405,Text,Input sau constantă literală,0,380,,C6,2025/26,General
Istoric_Nativ,5,D,Match_Date,D6:D405,Dată UTC / serial Excel; unele formule pot întoarce 0,Input sau constantă literală,0,380,,D6,2025-08-15T00:00:00,yyyy-mm-dd hh:mm
Istoric_Nativ,5,E,Home,E6:E405,Text,Input sau constantă literală,0,380,,E6,Liverpool,General
Istoric_Nativ,5,F,Away,F6:F405,Text,Input sau constantă literală,0,380,,F6,Bournemouth,General
Istoric_Nativ,5,G,HC,G6:G405,Număr întreg,Input sau constantă literală,0,380,,G6,6,General
Istoric_Nativ,5,H,AC,H6:H405,Număr întreg,Input sau constantă literală,0,380,,H6,7,General
Istoric_Nativ,5,I,Source_ID,I6:I405,Text,Input sau constantă literală,0,380,,I6,FD_E0_2526,General
Istoric_Nativ,5,J,Source_URL,J6:J405,Text,Input sau constantă literală,0,380,,J6,https://www.football-data.co.uk/mmz4281/2526/E0.csv,General
Istoric_Nativ,5,K,Retrieved_UTC,K6:K405,Dată UTC / serial Excel; unele formule pot întoarce 0,Input sau constantă literală,0,380,,K6,2026-09-13T16:52:25,yyyy-mm-dd hh:mm
Istoric_Nativ,5,L,Definition,L6:L405,Text,Input sau constantă literală,0,380,,L6,FT90,General
Istoric_Nativ,5,M,Evidence,M6:M405,Text,Input sau constantă literală,0,380,,M6,CSV row 2,General
Istoric_Nativ,5,N,Canonical_Key,N6:N405,Text,Rezultat formulă,400,0,"=IF(AND(A6<>"""",ISNUMBER(D6)),B6&""|""&C6&""|""&TEXT(D6,""yyyymmdd"")&""|""&E6&""|""&F6,"""")",N6,E0|2025/26|20250815|Liverpool|Bournemouth,General
Istoric_Nativ,5,O,Row_State,O6:O405,Text,Rezultat formulă,400,0,"=IF(A6="""","""",IFERROR(IF(NOT(AND(B6<>"""",C6<>"""",ISNUMBER(D6),D6>0,E6<>"""",F6<>"""",E6<>F6,ISNUMBER(G6),ISNUMBER(H6),G6>=0,H6>=0,G6<=100,H6<=100,MOD(G6,1)=0,MOD(H6,1)=0,L6=""FT90"",S6>0,INDEX(SourceTable[League],MAX(1,S6))=B6,INDEX(SourceTable[Season],MAX(1,S6))=C6,ISNUMBER(K6),K6=INDEX(SourceTable[Retrieved_UTC],MAX(1,S6)),J6<>"""",M6<>"""")),""INVALID"",IF(OR(COUNTIFS('Istoric_Nativ'!$N$6:$N$405,N6,'Istoric_Nativ'!$G$6:$G$405,G6)<>COUNTIF('Istoric_Nativ'!$N$6:$N$405,N6),COUNTIFS('Istoric_Nativ'!$N$6:$N$405,N6,'Istoric_Nativ'!$H$6:$H$405,H6)<>COUNTIF('Istoric_Nativ'!$N$6:$N$405,N6)),""SOURCE CONFLICT"",IF(COUNTIF($N$6:N6,N6)>1,""DUPLICATE"",""VALID""))),""INVALID""))",O6,VALID,General
Istoric_Nativ,5,P,Use_Row,P6:P405,Număr întreg,Rezultat formulă,400,0,"=IF(O6=""VALID"",1,0)",P6,1,General
Istoric_Nativ,5,Q,Total,Q6:Q405,Număr întreg,Rezultat formulă,400,0,"=IF(P6=1,G6+H6,0)",Q6,13,General
Istoric_Nativ,5,R,Total_Squared,R6:R405,Număr întreg,Rezultat formulă,400,0,=Q6^2,R6,169,General
Istoric_Nativ,5,S,Source_Row,S6:S405,Număr întreg,Rezultat formulă,400,0,"=IF(A6="""","""",IFERROR(MATCH(I6,SourceTable[Source_ID],0),0))",S6,1,General
Surse_Import,5,A,Source_ID,A6:A13,Text,Input sau constantă literală,0,1,,A6,FD_E0_2526,General
Surse_Import,5,B,League,B6:B13,Text,Input sau constantă literală,0,1,,B6,E0,General
Surse_Import,5,C,Season,C6:C13,Text,Input sau constantă literală,0,1,,C6,2025/26,General
Surse_Import,5,D,Provider,D6:D13,Text,Input sau constantă literală,0,1,,D6,Football-Data,General
Surse_Import,5,E,URL,E6:E13,Text,Input sau constantă literală,0,1,,E6,https://www.football-data.co.uk/mmz4281/2526/E0.csv,General
Surse_Import,5,F,Retrieved_UTC,F6:F13,Dată UTC / serial Excel; unele formule pot întoarce 0,Input sau constantă literală,0,1,,F6,2026-09-13T16:52:25,yyyy-mm-dd hh:mm
Surse_Import,5,G,Coverage,G6:G13,Text,Input sau constantă literală,0,1,,G6,FULL SEASON EXPORT,General
Surse_Import,5,H,Status,H6:H13,Text,Input sau constantă literală,0,1,,H6,IMPORTED,General
Surse_Import,5,I,Rows,I6:I13,Număr întreg,Input sau constantă literală,0,1,,I6,380,General
Surse_Import,5,J,Missing_Corners,J6:J13,Număr întreg,Input sau constantă literală,0,1,,J6,0,General
Surse_Import,5,K,Attempts,K6:K13,Text,Input sau constantă literală,0,1,,K6,"[{""url"": ""https://www.football-data.co.uk/mmz4281/2526/E0.csv"", ""status"": ""PARSED"", ""rows"": 380, ""missing_after_merge"": 0}]",General
Surse_Import,5,L,SHA256,L6:L13,Text,Input sau constantă literală,0,1,,L6,3e3a8352f9ada6789c508d6ca184424421fed56a30400904a4a327c583407e62,General
Surse_Import,5,M,Source_Key,M6:M13,Text,Rezultat formulă,8,0,"=IF(A6="""","""",B6&""|""&C6)",M6,E0|2025/26,General
Calibrare_Linii,5,A,Line,A6:A19,Text,Input sau constantă literală,0,14,,A6,"O3,5",General
Calibrare_Linii,5,B,Type,B6:B19,Text,Input sau constantă literală,0,14,,B6,OVER,General
Calibrare_Linii,5,C,k,C6:C19,Număr întreg,Input sau constantă literală,0,14,,C6,3,General
Calibrare_Linii,5,D,Calibration_Factor,D6:D19,Float,Input sau constantă literală,0,14,,D6,1,0.0%
Calibrare_Linii,5,E,PASS_Max,E6:E19,Float probabilitate 0–1,Input sau constantă literală,0,1,,E6,0.05,0.0%
Calibrare_Linii,5,F,WATCH_Max,F6:F19,Float probabilitate 0–1,Input sau constantă literală,0,1,,F6,0.08,0.0%
Calibrare_Linii,5,G,Review_Status,G6:G19,Text,Input sau constantă literală,0,14,,G6,PILOT,General
Calibrare_Linii,5,H,Scope_League,H6:H19,Text,Input sau constantă literală,0,14,,H6,E0,General
Calibrare_Linii,5,I,Training_End_UTC,I6:I19,Dată UTC / serial Excel; unele formule pot întoarce 0,Input sau constantă literală,0,0,,I6,,yyyy-mm-dd hh:mm
Calibrare_Linii,5,J,Review_UTC,J6:J19,Dată UTC / serial Excel; unele formule pot întoarce 0,Input sau constantă literală,0,0,,J6,,yyyy-mm-dd hh:mm
Calibrare_Linii,5,K,Report_URL,K6:K19,Text,Input sau constantă literală,0,0,,K6,,General
Calibrare_Linii,5,L,Reviewer,L6:L19,Text,Input sau constantă literală,0,0,,L6,,General
Calibrare_Linii,5,M,OOS_N,M6:M19,Număr întreg,Rezultat formulă,14,0,"=IF(AND(ISNUMBER(I6),ISNUMBER(J6)),COUNTIFS(OOSTable[Line],A6,OOSTable[League],H6,OOSTable[Model_Signature],V6,OOSTable[Record_Valid],1,OOSTable[Settled_UTC],""<=""&J6,OOSTable[Snapshot_UTC],"">""&I6,OOSTable[Training_End_UTC],I6),0)",M6,0,General
Calibrare_Linii,5,N,OOS_Wins,N6:N19,Număr întreg,Rezultat formulă,14,0,"=IF(M6=0,0,SUMIFS(OOSTable[Win],OOSTable[Line],A6,OOSTable[League],H6,OOSTable[Model_Signature],V6,OOSTable[Record_Valid],1,OOSTable[Settled_UTC],""<=""&J6,OOSTable[Snapshot_UTC],"">""&I6,OOSTable[Training_End_UTC],I6))",N6,0,General
Calibrare_Linii,5,O,OOS_Hit_Rate,O6:O19,Float probabilitate 0–1,Rezultat formulă,14,0,"=IF(M6=0,"""",N6/M6)",O6,,0.0%
Calibrare_Linii,5,P,OOS_P_Mean,P6:P19,Float probabilitate 0–1,Rezultat formulă,14,0,"=IF(M6=0,"""",SUMIFS(OOSTable[P_Final],OOSTable[Line],A6,OOSTable[League],H6,OOSTable[Model_Signature],V6,OOSTable[Record_Valid],1,OOSTable[Settled_UTC],""<=""&J6,OOSTable[Snapshot_UTC],"">""&I6,OOSTable[Training_End_UTC],I6)/M6)",P6,,0.0%
Calibrare_Linii,5,Q,Wilson_95_Lower,Q6:Q19,Float probabilitate 0–1,Rezultat formulă,14,0,"=IF(M6=0,"""",(O6+1.96^2/(2*M6)-1.96*SQRT(O6*(1-O6)/M6+1.96^2/(4*M6^2)))/(1+1.96^2/M6))",Q6,,0.0%
Calibrare_Linii,5,R,Overconfidence,R6:R19,Float probabilitate 0–1,Rezultat formulă,14,0,"=IF(M6=0,"""",MAX(0,P6-O6))",R6,,0.0%
Calibrare_Linii,5,S,Tail_Validated,S6:S19,Text,Rezultat formulă,14,0,"=IF(AND(G6=""APPROVED"",ISNUMBER(I6),ISNUMBER(J6),I6<J6,K6<>"""",L6<>"""",H6<>"""",U6=""VALID"",ISNUMBER(E6),ISNUMBER(F6),M6>='Config_v6'!$B$56),""VALIDATED"",""PENDING"")",S6,PENDING,General
Calibrare_Linii,5,T,Defensive_Validated,T6:T19,Text,Rezultat formulă,14,0,"=IF(AND(S6=""VALIDATED"",Q6>='Config_v6'!$B$57,R6<='Config_v6'!$B$58),""VALIDATED"",""PENDING"")",T6,PENDING,General
Calibrare_Linii,5,U,Parameters_Valid,U6:U19,Text,Rezultat formulă,14,0,"=IF(AND(ISNUMBER(D6),D6>0,D6<=1,OR(AND(E6="""",F6=""""),AND(ISNUMBER(E6),ISNUMBER(F6),E6>=0,E6<F6,F6<=1)),OR(G6=""PENDING"",G6=""PILOT"",G6=""APPROVED"")),""VALID"",""INVALID"")",U6,VALID,General
Calibrare_Linii,5,V,Model_Signature,V6:V19,Text,Rezultat formulă,14,0,"='Config_v6'!$B$60&""|""&A6&""|""&TEXT(D6,""0.000000"")&""|""&IF(E6="""",""NA"",TEXT(E6,""0.000000""))&""|""&IF(F6="""",""NA"",TEXT(F6,""0.000000""))",V6,"CORNERS_NATIVE_V14|0.300000|0.450000|0.250000|10.000000|5.000000|3.000000|1.100000|1.350000|1.700000|2.250000|0.820000|20.000000|0.720000|65.000000|0.000000|0.080000|0.120000|0.050000|75.000000|10.000000|5.000000|10.000000|5.000000|2.000000|2.000000|0.550000|0.200000|0.150000|0.100000|0.900000|90.000000|20.000000|1.100000|5.000000|200.000000|0.900000|0.050000|0.080000|O3,5|1.000000|0.050000|0.080000",General
OOS_Predictii,5,A,Fixture_ID,A6:A255,Text,Input sau constantă literală,0,0,,A6,,General
OOS_Predictii,5,B,League,B6:B255,Text,Input sau constantă literală,0,0,,B6,,General
OOS_Predictii,5,C,Line,C6:C255,Text,Input sau constantă literală,0,0,,C6,,General
OOS_Predictii,5,D,Snapshot_UTC,D6:D255,Dată UTC / serial Excel; unele formule pot întoarce 0,Input sau constantă literală,0,0,,D6,,yyyy-mm-dd hh:mm
OOS_Predictii,5,E,Kickoff_UTC,E6:E255,Dată UTC / serial Excel; unele formule pot întoarce 0,Input sau constantă literală,0,0,,E6,,yyyy-mm-dd hh:mm
OOS_Predictii,5,F,Training_End_UTC,F6:F255,Dată UTC / serial Excel; unele formule pot întoarce 0,Input sau constantă literală,0,0,,F6,,yyyy-mm-dd hh:mm
OOS_Predictii,5,G,P_Final,G6:G255,Float probabilitate 0–1,Input sau constantă literală,0,0,,G6,,0.0%
OOS_Predictii,5,H,Candidate_Confidence,H6:H255,Număr întreg,Input sau constantă literală,0,0,,H6,,General
OOS_Predictii,5,I,D,I6:I255,Float,Input sau constantă literală,0,0,,I6,,General
OOS_Predictii,5,J,Risk_Score,J6:J255,Float,Input sau constantă literală,0,0,,J6,,General
OOS_Predictii,5,K,Prior_Active,K6:K255,Text,Input sau constantă literală,0,0,,K6,,General
OOS_Predictii,5,L,Native_Core_Count,L6:L255,Număr întreg,Input sau constantă literală,0,0,,L6,,General
OOS_Predictii,5,M,Candidate_Tail,M6:M255,Text,Input sau constantă literală,0,0,,M6,,General
OOS_Predictii,5,N,Total_Corners,N6:N255,Număr întreg,Input sau constantă literală,0,0,,N6,,General
OOS_Predictii,5,O,Outcome_URL,O6:O255,Text,Input sau constantă literală,0,0,,O6,,General
OOS_Predictii,5,P,Settled_UTC,P6:P255,Dată UTC / serial Excel; unele formule pot întoarce 0,Input sau constantă literală,0,0,,P6,,yyyy-mm-dd hh:mm
OOS_Predictii,5,Q,Frozen_Evidence_URL,Q6:Q255,Text,Input sau constantă literală,0,0,,Q6,,General
OOS_Predictii,5,R,Model_Signature,R6:R255,Text,Input sau constantă literală,0,0,,R6,,General
OOS_Predictii,5,S,Mode,S6:S255,Text,Input sau constantă literală,0,0,,S6,,General
OOS_Predictii,5,T,Record_Valid,T6:T255,Număr întreg,Rezultat formulă,250,0,"=IF(A6="""",0,IFERROR(IF(AND(B6<>"""",COUNTIF('Calibrare_Linii'!$A$6:$A$19,C6)=1,COUNTIFS(OOSTable[Fixture_ID],A6,OOSTable[Line],C6)=1,ISNUMBER(D6),ISNUMBER(E6),ISNUMBER(F6),F6<D6,D6<E6,ISNUMBER(G6),G6>='Config_v6'!$B$50,G6<=1,ISNUMBER(H6),H6>='Config_v6'!$B$51,H6<=100,ISNUMBER(I6),I6>=0,I6<='Config_v6'!$B$53,ISNUMBER(J6),J6>=0,J6<='Config_v6'!$B$52,K6=""NO"",L6=12,M6=""PASS"",ISNUMBER(N6),N6>=0,MOD(N6,1)=0,O6<>"""",ISNUMBER(P6),P6>E6,Q6<>"""",R6<>"""",S6=""LIVE""),1,0),0))",T6,0,General
OOS_Predictii,5,U,Win,U6:U255,Număr întreg,Rezultat formulă,250,0,"=IF(T6<>1,0,IF(LEFT(C6,1)=""O"",IF(N6>INDEX('Calibrare_Linii'!$C$6:$C$19,MATCH(C6,'Calibrare_Linii'!$A$6:$A$19,0)),1,0),IF(N6<=INDEX('Calibrare_Linii'!$C$6:$C$19,MATCH(C6,'Calibrare_Linii'!$A$6:$A$19,0)),1,0)))",U6,0,General
Verificari,5,A,Control,A6:A15,Text,Input sau constantă literală,0,10,,A6,Parametri,General
Verificari,5,B,Rezultat,B6:B15,Text sau număr în funcție de control,Rezultat formulă,10,0,='Config_v6'!$B$40,B6,VALID,General
Verificari,5,C,Așteptat,C6:C15,Text sau număr în funcție de control,Input sau constantă literală,0,10,,C6,VALID,General
Verificari,5,D,Explicație,D6:D15,Text,Input sau constantă literală,0,10,,D6,Ponderi și praguri coerente,General
Documentatie,5,A,Subiect,A6:A32,Text,Input sau constantă literală,0,27,,A6,Utilizare,General
Documentatie,5,B,Regulă,B6:B32,Text,Input sau constantă literală,0,27,,B6,"Importă istoricul nativ, completează Input_Meci și citește Dashboard. Meciurile incomplete au motiv și acțiune de reluare. Capacitate: 100 meciuri × 14 linii.",General
